Order_ID,Order_Date,Ship_Date,Region,State,Category,Sub_Category,Customer_Name,Segment,Sales,Quantity,Discount,Profit
1000,01-01-2023 00:00,03-01-2023 00:00,Central,Tamil Nadu,Technology,Phones,Kiran,Consumer,7952.11,3,0.03,701.46
1001,02-01-2023 00:00,04-01-2023 00:00,South,Karnataka,Office Supplies,Binders,Asha,Consumer,8552.47,2,0.24,2482.17
1002,03-01-2023 00:00,05-01-2023 00:00,East,Tamil Nadu,Furniture,Chairs,Kiran,Home Office,2495.57,7,0.08,1457.26
1003,04-01-2023 00:00,06-01-2023 00:00,Central,Tamil Nadu,Technology,Phones,Arun,Consumer,9610.21,7,0.04,1301.6
1004,05-01-2023 00:00,07-01-2023 00:00,Central,Karnataka,Office Supplies,Binders,Asha,Corporate,2049.56,4,0.13,-151.47
1005,06-01-2023 00:00,08-01-2023 00:00,South,Maharashtra,Furniture,Chairs,Meena,Consumer,9519.16,9,0.19,-443.9
1006,07-01-2023 00:00,09-01-2023 00:00,East,Maharashtra,Office Supplies,Binders,Divya,Consumer,9948.71,8,0.11,2872.9
1007,08-01-2023 00:00,10-01-2023 00:00,East,Tamil Nadu,Technology,Phones,Divya,Home Office,7146.06,1,0.02,819.45
1008,09-01-2023 00:00,11-01-2023 00:00,Central,Karnataka,Furniture,Tables,Kiran,Home Office,9813.32,1,0.18,1611.25
1009,10-01-2023 00:00,12-01-2023 00:00,West,Tamil Nadu,Office Supplies,Binders,Meena,Corporate,5738.44,5,0.27,-221
1010,11-01-2023 00:00,13-01-2023 00:00,Central,Kerala,Furniture,Chairs,Asha,Corporate,2669.46,6,0.11,1890.9
1011,12-01-2023 00:00,14-01-2023 00:00,Central,Kerala,Office Supplies,Binders,Meena,Home Office,4426.26,3,0.06,2763.98
1012,13-01-2023 00:00,15-01-2023 00:00,Central,Tamil Nadu,Technology,Phones,Meena,Home Office,5976.25,9,0.13,1514.83
1013,14-01-2023 00:00,16-01-2023 00:00,Central,Maharashtra,Technology,Phones,Asha,Consumer,823.51,6,0.01,-58.6
1014,15-01-2023 00:00,17-01-2023 00:00,South,Maharashtra,Furniture,Tables,Arun,Home Office,6261.2,4,0.25,1536.03
1015,16-01-2023 00:00,18-01-2023 00:00,East,Tamil Nadu,Office Supplies,Binders,Meena,Corporate,9813.66,7,0.25,2182.22
1016,17-01-2023 00:00,19-01-2023 00:00,South,Tamil Nadu,Furniture,Tables,Meena,Consumer,1982.07,8,0.18,922.46
1017,18-01-2023 00:00,20-01-2023 00:00,South,Kerala,Furniture,Chairs,Arun,Corporate,7946.69,9,0.11,2579.43
1018,19-01-2023 00:00,21-01-2023 00:00,South,Maharashtra,Office Supplies,Binders,Meena,Consumer,9088.2,6,0.24,1770.39
1019,20-01-2023 00:00,22-01-2023 00:00,Central,Tamil Nadu,Office Supplies,Binders,Meena,Home Office,9442.65,6,0.17,2647.37
1020,21-01-2023 00:00,23-01-2023 00:00,West,Kerala,Office Supplies,Binders,Meena,Corporate,9605.34,8,0.25,1682.27
1021,22-01-2023 00:00,24-01-2023 00:00,East,Maharashtra,Technology,Phones,Divya,Consumer,5262.45,5,0.19,-40.49
1022,23-01-2023 00:00,25-01-2023 00:00,West,Karnataka,Furniture,Chairs,Ravi,Consumer,9775.35,3,0.24,583.92
1023,24-01-2023 00:00,26-01-2023 00:00,South,Kerala,Furniture,Tables,Arun,Home Office,7597.37,3,0.18,206.28
1024,25-01-2023 00:00,27-01-2023 00:00,South,Maharashtra,Technology,Phones,Meena,Home Office,1700.55,6,0.12,2680.89
1025,26-01-2023 00:00,28-01-2023 00:00,West,Maharashtra,Office Supplies,Binders,Divya,Home Office,4821.31,2,0.29,2161.4
1026,27-01-2023 00:00,29-01-2023 00:00,West,Kerala,Technology,Phones,Arun,Corporate,7211.48,6,0.16,1867.39
1027,28-01-2023 00:00,30-01-2023 00:00,West,Karnataka,Technology,Phones,Kiran,Consumer,2548.67,6,0.18,553.38
1028,29-01-2023 00:00,31-01-2023 00:00,South,Kerala,Technology,Phones,Kiran,Home Office,6442.09,8,0.07,144.16
1029,30-01-2023 00:00,01-02-2023 00:00,South,Maharashtra,Furniture,Tables,Meena,Corporate,6699.34,7,0.19,2147.58
1030,31-01-2023 00:00,02-02-2023 00:00,East,Tamil Nadu,Technology,Phones,Divya,Corporate,1710.73,8,0.17,1159.55
1031,01-02-2023 00:00,03-02-2023 00:00,East,Tamil Nadu,Furniture,Chairs,Divya,Corporate,5694.34,9,0.06,290.26
1032,02-02-2023 00:00,04-02-2023 00:00,South,Kerala,Furniture,Chairs,Arun,Home Office,7739.11,6,0.02,1658.18
1033,03-02-2023 00:00,05-02-2023 00:00,West,Maharashtra,Furniture,Tables,Arun,Home Office,5039.07,3,0.18,-358.83
1034,04-02-2023 00:00,06-02-2023 00:00,West,Tamil Nadu,Office Supplies,Binders,Divya,Consumer,219.82,3,0.23,641.6
1035,05-02-2023 00:00,07-02-2023 00:00,East,Maharashtra,Furniture,Tables,Arun,Consumer,189.48,1,0.16,1139.95
1036,06-02-2023 00:00,08-02-2023 00:00,South,Kerala,Furniture,Chairs,Divya,Home Office,3634.59,5,0.07,17.85
1037,07-02-2023 00:00,09-02-2023 00:00,East,Tamil Nadu,Office Supplies,Binders,Ravi,Corporate,9269.32,4,0.2,2946.29
1038,08-02-2023 00:00,10-02-2023 00:00,East,Maharashtra,Furniture,Chairs,Divya,Corporate,2363.9,9,0.02,231.84
1039,09-02-2023 00:00,11-02-2023 00:00,Central,Tamil Nadu,Technology,Phones,Kiran,Corporate,6380.2,9,0.13,-43.76
1040,10-02-2023 00:00,12-02-2023 00:00,Central,Kerala,Technology,Phones,Arun,Consumer,2298.55,5,0.05,212.37
1041,11-02-2023 00:00,13-02-2023 00:00,Central,Maharashtra,Furniture,Chairs,Divya,Corporate,3284.53,4,0.06,2191.71
1042,12-02-2023 00:00,14-02-2023 00:00,West,Tamil Nadu,Office Supplies,Binders,Divya,Consumer,8495.62,7,0.06,989.27
1043,13-02-2023 00:00,15-02-2023 00:00,South,Kerala,Technology,Phones,Arun,Consumer,7315.73,6,0.12,1478.96
1044,14-02-2023 00:00,16-02-2023 00:00,South,Tamil Nadu,Office Supplies,Binders,Ravi,Corporate,1044.45,4,0.02,-426.47
1045,15-02-2023 00:00,17-02-2023 00:00,South,Tamil Nadu,Office Supplies,Binders,Ravi,Corporate,4344.15,2,0.12,-379.49
1046,16-02-2023 00:00,18-02-2023 00:00,South,Karnataka,Technology,Phones,Arun,Home Office,388.78,1,0.15,1060.39
1047,17-02-2023 00:00,19-02-2023 00:00,Central,Karnataka,Office Supplies,Binders,Asha,Home Office,4860.81,4,0.14,2358.29
1048,18-02-2023 00:00,20-02-2023 00:00,West,Kerala,Technology,Phones,Arun,Corporate,6658.1,4,0.11,2598.34
1049,19-02-2023 00:00,21-02-2023 00:00,West,Karnataka,Office Supplies,Binders,Arun,Consumer,1273.18,1,0.25,-196.53
1050,20-02-2023 00:00,22-02-2023 00:00,Central,Kerala,Technology,Phones,Ravi,Consumer,2959.96,6,0.04,1384.27
1051,21-02-2023 00:00,23-02-2023 00:00,West,Karnataka,Furniture,Tables,Ravi,Consumer,4038.58,4,0.15,2696.3
1052,22-02-2023 00:00,24-02-2023 00:00,Central,Tamil Nadu,Technology,Phones,Arun,Consumer,9203.36,1,0.02,857.9
1053,23-02-2023 00:00,25-02-2023 00:00,South,Kerala,Technology,Phones,Arun,Consumer,9933.22,1,0.02,2403.48
1054,24-02-2023 00:00,26-02-2023 00:00,Central,Kerala,Technology,Phones,Arun,Home Office,544.62,1,0.17,-32.07
1055,25-02-2023 00:00,27-02-2023 00:00,South,Tamil Nadu,Technology,Phones,Ravi,Corporate,7633.98,8,0.17,2773.88
1056,26-02-2023 00:00,28-02-2023 00:00,South,Kerala,Office Supplies,Binders,Arun,Home Office,3780.07,8,0.26,2129.98
1057,27-02-2023 00:00,01-03-2023 00:00,East,Kerala,Furniture,Tables,Arun,Consumer,3985.34,2,0.17,2794.67
1058,28-02-2023 00:00,02-03-2023 00:00,Central,Karnataka,Technology,Phones,Meena,Consumer,7567.22,7,0.29,1868.16
1059,01-03-2023 00:00,03-03-2023 00:00,East,Kerala,Office Supplies,Binders,Asha,Consumer,9192.42,8,0.01,771.91
1060,02-03-2023 00:00,04-03-2023 00:00,Central,Maharashtra,Furniture,Tables,Kiran,Consumer,9514.19,8,0.03,2783.63
1061,03-03-2023 00:00,05-03-2023 00:00,Central,Tamil Nadu,Furniture,Chairs,Asha,Corporate,5813.51,7,0.01,464.48
1062,04-03-2023 00:00,06-03-2023 00:00,East,Karnataka,Furniture,Chairs,Meena,Consumer,3635.5,5,0.06,662.6
1063,05-03-2023 00:00,07-03-2023 00:00,East,Karnataka,Furniture,Tables,Kiran,Corporate,7896.74,1,0.16,1952.83
1064,06-03-2023 00:00,08-03-2023 00:00,Central,Maharashtra,Technology,Phones,Arun,Consumer,2584.91,9,0.19,2178.61
1065,07-03-2023 00:00,09-03-2023 00:00,West,Tamil Nadu,Technology,Phones,Meena,Corporate,5684.33,7,0.01,2752.91
1066,08-03-2023 00:00,10-03-2023 00:00,South,Tamil Nadu,Office Supplies,Binders,Arun,Home Office,3649.93,2,0.28,216.81
1067,09-03-2023 00:00,11-03-2023 00:00,East,Karnataka,Office Supplies,Binders,Ravi,Consumer,6600.65,6,0.25,2292.99
1068,10-03-2023 00:00,12-03-2023 00:00,South,Kerala,Office Supplies,Binders,Divya,Corporate,2479.95,2,0.09,2084.91
1069,11-03-2023 00:00,13-03-2023 00:00,West,Karnataka,Furniture,Tables,Meena,Home Office,1996.77,1,0.02,-276.72
1070,12-03-2023 00:00,14-03-2023 00:00,West,Tamil Nadu,Furniture,Tables,Ravi,Consumer,9190.57,7,0.05,855.28
1071,13-03-2023 00:00,15-03-2023 00:00,West,Maharashtra,Technology,Phones,Meena,Consumer,1107.86,2,0.04,489.68
1072,14-03-2023 00:00,16-03-2023 00:00,East,Karnataka,Furniture,Chairs,Meena,Consumer,5108.98,2,0.04,565.72
1073,15-03-2023 00:00,17-03-2023 00:00,West,Tamil Nadu,Furniture,Chairs,Ravi,Corporate,2286.44,5,0.16,2940.31
1074,16-03-2023 00:00,18-03-2023 00:00,East,Karnataka,Furniture,Tables,Kiran,Corporate,485.41,5,0.07,1749.72
1075,17-03-2023 00:00,19-03-2023 00:00,West,Kerala,Office Supplies,Binders,Asha,Home Office,456.59,7,0.11,2011.87
1076,18-03-2023 00:00,20-03-2023 00:00,South,Karnataka,Office Supplies,Binders,Arun,Corporate,1834.7,1,0.3,2918.16
1077,19-03-2023 00:00,21-03-2023 00:00,South,Karnataka,Technology,Phones,Meena,Corporate,8681.03,8,0.21,820.21
1078,20-03-2023 00:00,22-03-2023 00:00,Central,Tamil Nadu,Furniture,Tables,Arun,Consumer,2896.54,3,0.28,2306.44
1079,21-03-2023 00:00,23-03-2023 00:00,South,Tamil Nadu,Furniture,Chairs,Divya,Consumer,9509.55,4,0.04,1020.86
1080,22-03-2023 00:00,24-03-2023 00:00,Central,Tamil Nadu,Technology,Phones,Ravi,Consumer,5858.06,9,0.11,2543.37
1081,23-03-2023 00:00,25-03-2023 00:00,South,Karnataka,Furniture,Chairs,Arun,Consumer,4422.48,4,0.17,132.3
1082,24-03-2023 00:00,26-03-2023 00:00,East,Kerala,Furniture,Tables,Ravi,Consumer,5842.88,5,0.02,2816.9
1083,25-03-2023 00:00,27-03-2023 00:00,South,Maharashtra,Office Supplies,Binders,Arun,Consumer,5215.31,7,0,265.7
1084,26-03-2023 00:00,28-03-2023 00:00,Central,Maharashtra,Technology,Phones,Asha,Consumer,7611.88,4,0.2,641.77
1085,27-03-2023 00:00,29-03-2023 00:00,Central,Tamil Nadu,Technology,Phones,Asha,Home Office,2896.71,1,0.19,2146.67
1086,28-03-2023 00:00,30-03-2023 00:00,West,Tamil Nadu,Technology,Phones,Asha,Home Office,3595.2,9,0.12,878.14
1087,29-03-2023 00:00,31-03-2023 00:00,East,Karnataka,Technology,Phones,Asha,Home Office,8951.53,4,0.15,1628.74
1088,30-03-2023 00:00,01-04-2023 00:00,South,Maharashtra,Office Supplies,Binders,Asha,Home Office,9469.92,9,0.12,1056.01
1089,31-03-2023 00:00,02-04-2023 00:00,West,Tamil Nadu,Office Supplies,Binders,Asha,Consumer,8936.33,6,0.01,2098.29
1090,01-04-2023 00:00,03-04-2023 00:00,South,Kerala,Furniture,Chairs,Ravi,Home Office,4252.54,1,0.1,299.16
1091,02-04-2023 00:00,04-04-2023 00:00,South,Kerala,Furniture,Chairs,Meena,Consumer,7825.62,3,0.05,-295.4
1092,03-04-2023 00:00,05-04-2023 00:00,West,Tamil Nadu,Furniture,Tables,Arun,Home Office,4815.72,2,0.03,549.75
1093,04-04-2023 00:00,06-04-2023 00:00,West,Tamil Nadu,Furniture,Tables,Asha,Corporate,5025.64,9,0.29,1160.08
1094,05-04-2023 00:00,07-04-2023 00:00,West,Maharashtra,Office Supplies,Binders,Ravi,Home Office,2126.33,1,0.18,88.07
1095,06-04-2023 00:00,08-04-2023 00:00,West,Maharashtra,Technology,Phones,Ravi,Home Office,5952.19,9,0.22,741.79
1096,07-04-2023 00:00,09-04-2023 00:00,West,Karnataka,Office Supplies,Binders,Ravi,Consumer,1942.75,9,0.09,899.94
1097,08-04-2023 00:00,10-04-2023 00:00,South,Maharashtra,Furniture,Chairs,Meena,Home Office,3382.49,8,0.12,-299.13
1098,09-04-2023 00:00,11-04-2023 00:00,West,Kerala,Office Supplies,Binders,Arun,Corporate,8564.8,8,0.07,1541.58
1099,10-04-2023 00:00,12-04-2023 00:00,East,Kerala,Technology,Phones,Meena,Consumer,2150.05,1,0.03,2595.2
1100,11-04-2023 00:00,13-04-2023 00:00,Central,Tamil Nadu,Technology,Phones,Kiran,Consumer,804.47,8,0.05,31.1
1101,12-04-2023 00:00,14-04-2023 00:00,West,Maharashtra,Office Supplies,Binders,Ravi,Home Office,783.18,3,0.24,1592.33
1102,13-04-2023 00:00,15-04-2023 00:00,West,Karnataka,Office Supplies,Binders,Kiran,Consumer,9413.77,7,0.2,1826.59
1103,14-04-2023 00:00,16-04-2023 00:00,South,Kerala,Office Supplies,Binders,Divya,Consumer,5118.51,1,0.16,967.67
1104,15-04-2023 00:00,17-04-2023 00:00,West,Kerala,Furniture,Chairs,Asha,Consumer,4153.18,1,0.14,1953.84
1105,16-04-2023 00:00,18-04-2023 00:00,West,Karnataka,Office Supplies,Binders,Asha,Consumer,8127.7,5,0.28,937.56
1106,17-04-2023 00:00,19-04-2023 00:00,West,Karnataka,Office Supplies,Binders,Meena,Consumer,8374.68,5,0.02,1266.23
1107,18-04-2023 00:00,20-04-2023 00:00,South,Kerala,Office Supplies,Binders,Arun,Consumer,3388.69,8,0.08,-474.26
1108,19-04-2023 00:00,21-04-2023 00:00,West,Kerala,Technology,Phones,Kiran,Corporate,6966.82,7,0.1,1921.02
1109,20-04-2023 00:00,22-04-2023 00:00,Central,Karnataka,Technology,Phones,Arun,Home Office,7734.12,8,0.23,1814.7
1110,21-04-2023 00:00,23-04-2023 00:00,South,Kerala,Furniture,Chairs,Meena,Corporate,6581.04,6,0.3,-365.6
1111,22-04-2023 00:00,24-04-2023 00:00,Central,Tamil Nadu,Furniture,Chairs,Asha,Consumer,1600.79,6,0.07,788.88
1112,23-04-2023 00:00,25-04-2023 00:00,South,Tamil Nadu,Technology,Phones,Arun,Consumer,8771.24,2,0.26,2926.61
1113,24-04-2023 00:00,26-04-2023 00:00,West,Karnataka,Technology,Phones,Arun,Home Office,5437.04,6,0.25,972.58
1114,25-04-2023 00:00,27-04-2023 00:00,Central,Maharashtra,Technology,Phones,Asha,Corporate,2896.48,5,0.07,1256.81
1115,26-04-2023 00:00,28-04-2023 00:00,South,Karnataka,Office Supplies,Binders,Kiran,Home Office,4309.76,3,0.12,2684.76
1116,27-04-2023 00:00,29-04-2023 00:00,East,Karnataka,Office Supplies,Binders,Asha,Corporate,471.95,6,0.12,2010.42
1117,28-04-2023 00:00,30-04-2023 00:00,West,Maharashtra,Technology,Phones,Arun,Consumer,1365.88,8,0.29,1537.25
1118,29-04-2023 00:00,01-05-2023 00:00,South,Maharashtra,Office Supplies,Binders,Kiran,Home Office,7678.91,9,0.05,2292.32
1119,30-04-2023 00:00,02-05-2023 00:00,East,Maharashtra,Office Supplies,Binders,Kiran,Home Office,100.12,1,0.24,2525.28
1120,01-05-2023 00:00,03-05-2023 00:00,South,Tamil Nadu,Furniture,Tables,Asha,Consumer,4224,3,0.1,1099.11
1121,02-05-2023 00:00,04-05-2023 00:00,East,Kerala,Technology,Phones,Arun,Home Office,5272.85,3,0.22,1162.88
1122,03-05-2023 00:00,05-05-2023 00:00,West,Tamil Nadu,Technology,Phones,Meena,Corporate,640.88,8,0.13,851.18
1123,04-05-2023 00:00,06-05-2023 00:00,Central,Kerala,Office Supplies,Binders,Arun,Corporate,9733.47,1,0.17,2883.47
1124,05-05-2023 00:00,07-05-2023 00:00,East,Tamil Nadu,Technology,Phones,Ravi,Corporate,2338.64,5,0.25,1940.08
1125,06-05-2023 00:00,08-05-2023 00:00,South,Kerala,Furniture,Chairs,Divya,Corporate,3111.57,3,0.24,-208.72
1126,07-05-2023 00:00,09-05-2023 00:00,West,Tamil Nadu,Furniture,Chairs,Meena,Consumer,3109.03,2,0.26,2520.36
1127,08-05-2023 00:00,10-05-2023 00:00,East,Maharashtra,Furniture,Tables,Kiran,Home Office,2381.12,8,0.02,1181.96
1128,09-05-2023 00:00,11-05-2023 00:00,South,Karnataka,Technology,Phones,Meena,Corporate,114.59,3,0.21,-259.36
1129,10-05-2023 00:00,12-05-2023 00:00,South,Tamil Nadu,Technology,Phones,Kiran,Consumer,7320.51,7,0.04,1424.01
1130,11-05-2023 00:00,13-05-2023 00:00,South,Kerala,Technology,Phones,Kiran,Home Office,9671.77,1,0.12,960.07
1131,12-05-2023 00:00,14-05-2023 00:00,East,Maharashtra,Technology,Phones,Meena,Home Office,2320.51,6,0.16,2572.12
1132,13-05-2023 00:00,15-05-2023 00:00,East,Tamil Nadu,Technology,Phones,Kiran,Consumer,6664.17,3,0.12,213.98
1133,14-05-2023 00:00,16-05-2023 00:00,East,Tamil Nadu,Furniture,Chairs,Kiran,Consumer,7444.77,8,0.16,2392.63
1134,15-05-2023 00:00,17-05-2023 00:00,Central,Maharashtra,Office Supplies,Binders,Ravi,Corporate,8499.41,6,0.3,1451.91
1135,16-05-2023 00:00,18-05-2023 00:00,East,Tamil Nadu,Furniture,Tables,Arun,Home Office,4284.03,2,0.04,-308.86
1136,17-05-2023 00:00,19-05-2023 00:00,East,Karnataka,Technology,Phones,Arun,Home Office,3099.02,6,0.2,2901.46
1137,18-05-2023 00:00,20-05-2023 00:00,East,Tamil Nadu,Furniture,Tables,Divya,Consumer,3320.42,7,0.12,1294.15
1138,19-05-2023 00:00,21-05-2023 00:00,Central,Karnataka,Technology,Phones,Divya,Home Office,7154.95,5,0.04,518.07
1139,20-05-2023 00:00,22-05-2023 00:00,East,Karnataka,Technology,Phones,Ravi,Corporate,8186.12,3,0.05,1142.92
1140,21-05-2023 00:00,23-05-2023 00:00,South,Maharashtra,Furniture,Chairs,Divya,Home Office,1897.98,4,0.28,2502.5
1141,22-05-2023 00:00,24-05-2023 00:00,East,Tamil Nadu,Technology,Phones,Meena,Consumer,3772.32,4,0.26,567.16
1142,23-05-2023 00:00,25-05-2023 00:00,South,Maharashtra,Office Supplies,Binders,Asha,Consumer,9029.21,6,0.27,174.37
1143,24-05-2023 00:00,26-05-2023 00:00,South,Tamil Nadu,Technology,Phones,Asha,Corporate,8086.27,1,0.3,-48.25
1144,25-05-2023 00:00,27-05-2023 00:00,South,Tamil Nadu,Office Supplies,Binders,Asha,Corporate,9850.1,4,0.06,542.51
1145,26-05-2023 00:00,28-05-2023 00:00,Central,Kerala,Office Supplies,Binders,Ravi,Home Office,7567.06,4,0.11,2230.17
1146,27-05-2023 00:00,29-05-2023 00:00,Central,Tamil Nadu,Technology,Phones,Ravi,Home Office,3992.63,1,0.2,1150.69
1147,28-05-2023 00:00,30-05-2023 00:00,Central,Maharashtra,Furniture,Tables,Kiran,Consumer,5947.31,9,0.15,296.19
1148,29-05-2023 00:00,31-05-2023 00:00,East,Karnataka,Office Supplies,Binders,Asha,Corporate,6644.04,4,0.13,81.65
1149,30-05-2023 00:00,01-06-2023 00:00,South,Tamil Nadu,Furniture,Chairs,Meena,Corporate,876.71,7,0.11,664.55
1150,31-05-2023 00:00,02-06-2023 00:00,Central,Kerala,Office Supplies,Binders,Divya,Corporate,5490.52,3,0.18,2789.74
1151,01-06-2023 00:00,03-06-2023 00:00,Central,Maharashtra,Technology,Phones,Meena,Home Office,7122.28,3,0.17,700.59
1152,02-06-2023 00:00,04-06-2023 00:00,East,Tamil Nadu,Technology,Phones,Divya,Corporate,1756.48,8,0.05,2958.43
1153,03-06-2023 00:00,05-06-2023 00:00,Central,Maharashtra,Office Supplies,Binders,Asha,Consumer,7828.25,8,0.14,1198.31
1154,04-06-2023 00:00,06-06-2023 00:00,East,Kerala,Technology,Phones,Asha,Consumer,5879.35,1,0.17,127.07
1155,05-06-2023 00:00,07-06-2023 00:00,West,Kerala,Office Supplies,Binders,Asha,Home Office,9527,2,0.17,2618.99
1156,06-06-2023 00:00,08-06-2023 00:00,Central,Maharashtra,Technology,Phones,Ravi,Home Office,519.98,8,0.06,1111.24
1157,07-06-2023 00:00,09-06-2023 00:00,West,Tamil Nadu,Furniture,Tables,Divya,Corporate,2726.73,1,0.22,1983.85
1158,08-06-2023 00:00,10-06-2023 00:00,East,Karnataka,Technology,Phones,Ravi,Home Office,6055.38,8,0.01,2942.99
1159,09-06-2023 00:00,11-06-2023 00:00,South,Kerala,Furniture,Tables,Ravi,Consumer,3035.94,8,0.11,-324.39
1160,10-06-2023 00:00,12-06-2023 00:00,Central,Tamil Nadu,Technology,Phones,Arun,Corporate,7172.8,2,0.23,-161.57
1161,11-06-2023 00:00,13-06-2023 00:00,East,Tamil Nadu,Furniture,Chairs,Meena,Consumer,7614.15,4,0.17,2021.6
1162,12-06-2023 00:00,14-06-2023 00:00,South,Karnataka,Technology,Phones,Meena,Corporate,1114.91,6,0.08,486.39
1163,13-06-2023 00:00,15-06-2023 00:00,South,Kerala,Furniture,Tables,Kiran,Home Office,5187.16,9,0.21,145.05
1164,14-06-2023 00:00,16-06-2023 00:00,West,Kerala,Office Supplies,Binders,Ravi,Corporate,5138.02,8,0.17,-362.23
1165,15-06-2023 00:00,17-06-2023 00:00,East,Tamil Nadu,Office Supplies,Binders,Divya,Corporate,3755.88,8,0.24,-423.54
1166,16-06-2023 00:00,18-06-2023 00:00,South,Tamil Nadu,Furniture,Chairs,Arun,Consumer,9335.96,7,0.22,2210.7
1167,17-06-2023 00:00,19-06-2023 00:00,Central,Karnataka,Technology,Phones,Arun,Consumer,8292.31,9,0.18,-29.48
1168,18-06-2023 00:00,20-06-2023 00:00,Central,Karnataka,Furniture,Chairs,Meena,Corporate,7002.37,2,0.15,1137.02
1169,19-06-2023 00:00,21-06-2023 00:00,West,Kerala,Technology,Phones,Ravi,Home Office,7171.83,3,0.04,1620.64
1170,20-06-2023 00:00,22-06-2023 00:00,South,Maharashtra,Office Supplies,Binders,Kiran,Home Office,4670.99,8,0.08,999.23
1171,21-06-2023 00:00,23-06-2023 00:00,East,Kerala,Technology,Phones,Ravi,Consumer,9217.85,6,0.13,-405.13
1172,22-06-2023 00:00,24-06-2023 00:00,Central,Tamil Nadu,Office Supplies,Binders,Asha,Home Office,6976.49,9,0.18,2242.26
1173,23-06-2023 00:00,25-06-2023 00:00,South,Kerala,Technology,Phones,Ravi,Consumer,7316.91,4,0.15,-463.2
1174,24-06-2023 00:00,26-06-2023 00:00,South,Maharashtra,Technology,Phones,Asha,Home Office,8630.74,8,0.09,2166.61
1175,25-06-2023 00:00,27-06-2023 00:00,West,Karnataka,Technology,Phones,Asha,Corporate,2813.31,3,0,2626.57
1176,26-06-2023 00:00,28-06-2023 00:00,Central,Maharashtra,Furniture,Tables,Kiran,Consumer,8090,3,0.15,1014.94
1177,27-06-2023 00:00,29-06-2023 00:00,Central,Maharashtra,Furniture,Tables,Divya,Consumer,2032.88,8,0.09,1374.4
1178,28-06-2023 00:00,30-06-2023 00:00,East,Maharashtra,Office Supplies,Binders,Meena,Corporate,3518.89,5,0.22,1169.44
1179,29-06-2023 00:00,01-07-2023 00:00,Central,Karnataka,Office Supplies,Binders,Ravi,Consumer,3422.54,3,0.01,862.23
1180,30-06-2023 00:00,02-07-2023 00:00,East,Maharashtra,Furniture,Tables,Asha,Home Office,9787.4,1,0.18,2605.99
1181,01-07-2023 00:00,03-07-2023 00:00,Central,Maharashtra,Office Supplies,Binders,Ravi,Home Office,8579.72,3,0.28,2628.77
1182,02-07-2023 00:00,04-07-2023 00:00,West,Maharashtra,Furniture,Tables,Divya,Consumer,7041.58,9,0.05,675.36
1183,03-07-2023 00:00,05-07-2023 00:00,Central,Tamil Nadu,Technology,Phones,Meena,Home Office,7297.86,5,0.14,1652.74
1184,04-07-2023 00:00,06-07-2023 00:00,East,Maharashtra,Office Supplies,Binders,Divya,Consumer,5664.52,2,0.03,2744.18
1185,05-07-2023 00:00,07-07-2023 00:00,East,Karnataka,Office Supplies,Binders,Meena,Corporate,9476.2,7,0.19,2867.2
1186,06-07-2023 00:00,08-07-2023 00:00,West,Maharashtra,Furniture,Chairs,Arun,Consumer,5012.96,2,0.17,1281.36
1187,07-07-2023 00:00,09-07-2023 00:00,Central,Maharashtra,Office Supplies,Binders,Meena,Corporate,3867.13,4,0.12,1084.89
1188,08-07-2023 00:00,10-07-2023 00:00,Central,Karnataka,Office Supplies,Binders,Kiran,Home Office,1714.05,7,0.16,475.43
1189,09-07-2023 00:00,11-07-2023 00:00,West,Maharashtra,Technology,Phones,Divya,Corporate,7883.44,4,0.27,2856.05
1190,10-07-2023 00:00,12-07-2023 00:00,Central,Karnataka,Office Supplies,Binders,Asha,Home Office,7370.99,7,0.06,-0.15
1191,11-07-2023 00:00,13-07-2023 00:00,Central,Maharashtra,Technology,Phones,Arun,Consumer,3905.11,7,0.01,1529.4
1192,12-07-2023 00:00,14-07-2023 00:00,East,Karnataka,Furniture,Tables,Kiran,Home Office,349.41,1,0.26,488.93
1193,13-07-2023 00:00,15-07-2023 00:00,Central,Maharashtra,Office Supplies,Binders,Ravi,Consumer,8406.07,6,0.17,476.53
1194,14-07-2023 00:00,16-07-2023 00:00,Central,Maharashtra,Technology,Phones,Divya,Consumer,213.04,9,0.27,917.39
1195,15-07-2023 00:00,17-07-2023 00:00,West,Tamil Nadu,Furniture,Chairs,Asha,Corporate,7066.63,2,0.18,2995.78
1196,16-07-2023 00:00,18-07-2023 00:00,West,Tamil Nadu,Office Supplies,Binders,Meena,Corporate,9705.55,3,0.24,-307.62
1197,17-07-2023 00:00,19-07-2023 00:00,South,Maharashtra,Furniture,Chairs,Asha,Corporate,4432.85,5,0.13,1524.9
1198,18-07-2023 00:00,20-07-2023 00:00,East,Maharashtra,Office Supplies,Binders,Ravi,Corporate,2426.24,9,0.22,-211
1199,19-07-2023 00:00,21-07-2023 00:00,Central,Kerala,Furniture,Chairs,Arun,Home Office,7078.22,4,0.27,40.82
1200,20-07-2023 00:00,22-07-2023 00:00,Central,Karnataka,Furniture,Chairs,Arun,Home Office,8189.57,1,0.17,1038.47
1201,21-07-2023 00:00,23-07-2023 00:00,South,Kerala,Technology,Phones,Divya,Home Office,5509.66,4,0.05,1286.61
1202,22-07-2023 00:00,24-07-2023 00:00,Central,Tamil Nadu,Furniture,Chairs,Arun,Consumer,9673.65,6,0.08,405.77
1203,23-07-2023 00:00,25-07-2023 00:00,East,Tamil Nadu,Office Supplies,Binders,Divya,Home Office,611.52,5,0.06,607.6
1204,24-07-2023 00:00,26-07-2023 00:00,South,Tamil Nadu,Office Supplies,Binders,Divya,Home Office,5097.48,1,0.07,-195.62
1205,25-07-2023 00:00,27-07-2023 00:00,East,Tamil Nadu,Technology,Phones,Divya,Home Office,7212.69,4,0.09,561.27
1206,26-07-2023 00:00,28-07-2023 00:00,South,Maharashtra,Office Supplies,Binders,Meena,Corporate,8640.14,6,0.17,2882.95
1207,27-07-2023 00:00,29-07-2023 00:00,South,Tamil Nadu,Office Supplies,Binders,Kiran,Home Office,1874.63,4,0.18,2806.48
1208,28-07-2023 00:00,30-07-2023 00:00,West,Maharashtra,Office Supplies,Binders,Divya,Consumer,8020.03,9,0.13,672.07
1209,29-07-2023 00:00,31-07-2023 00:00,East,Maharashtra,Furniture,Tables,Divya,Corporate,5571.8,5,0.18,1497.99
1210,30-07-2023 00:00,01-08-2023 00:00,Central,Tamil Nadu,Furniture,Chairs,Kiran,Consumer,4025.88,8,0.02,2683.58
1211,31-07-2023 00:00,02-08-2023 00:00,Central,Tamil Nadu,Office Supplies,Binders,Asha,Home Office,1403.98,9,0.03,-478.36
1212,01-08-2023 00:00,03-08-2023 00:00,East,Karnataka,Technology,Phones,Divya,Corporate,8666.43,5,0.05,2337.39
1213,02-08-2023 00:00,04-08-2023 00:00,Central,Kerala,Furniture,Tables,Meena,Consumer,1657,6,0.16,2819.29
1214,03-08-2023 00:00,05-08-2023 00:00,Central,Tamil Nadu,Technology,Phones,Arun,Home Office,3166.9,1,0.06,-180.36
1215,04-08-2023 00:00,06-08-2023 00:00,East,Karnataka,Office Supplies,Binders,Arun,Consumer,2971.45,7,0.08,65.07
1216,05-08-2023 00:00,07-08-2023 00:00,South,Karnataka,Office Supplies,Binders,Ravi,Consumer,8727,4,0.12,2862.61
1217,06-08-2023 00:00,08-08-2023 00:00,East,Kerala,Furniture,Chairs,Ravi,Consumer,6759.76,2,0.24,1381.39
1218,07-08-2023 00:00,09-08-2023 00:00,South,Maharashtra,Office Supplies,Binders,Arun,Home Office,7987.15,5,0,-450.31
1219,08-08-2023 00:00,10-08-2023 00:00,Central,Tamil Nadu,Furniture,Chairs,Arun,Home Office,2579.63,3,0.19,401.71
1220,09-08-2023 00:00,11-08-2023 00:00,Central,Kerala,Office Supplies,Binders,Meena,Consumer,6286.25,6,0.2,1074.8
1221,10-08-2023 00:00,12-08-2023 00:00,Central,Tamil Nadu,Office Supplies,Binders,Kiran,Corporate,5760.29,8,0.24,1925.18
1222,11-08-2023 00:00,13-08-2023 00:00,West,Karnataka,Furniture,Tables,Ravi,Corporate,8345.02,7,0.28,2066.06
1223,12-08-2023 00:00,14-08-2023 00:00,South,Karnataka,Furniture,Tables,Kiran,Home Office,9070.26,3,0.01,2983.98
1224,13-08-2023 00:00,15-08-2023 00:00,West,Maharashtra,Furniture,Tables,Meena,Home Office,220.35,8,0.05,506.29
1225,14-08-2023 00:00,16-08-2023 00:00,West,Karnataka,Office Supplies,Binders,Arun,Home Office,6772.8,2,0.27,1383.77
1226,15-08-2023 00:00,17-08-2023 00:00,East,Karnataka,Office Supplies,Binders,Divya,Home Office,613.17,9,0.14,1366.63
1227,16-08-2023 00:00,18-08-2023 00:00,West,Kerala,Technology,Phones,Kiran,Home Office,5533.7,4,0.17,919.76
1228,17-08-2023 00:00,19-08-2023 00:00,East,Tamil Nadu,Furniture,Tables,Arun,Corporate,2947.56,1,0.2,92.07
1229,18-08-2023 00:00,20-08-2023 00:00,East,Tamil Nadu,Office Supplies,Binders,Arun,Home Office,3137.09,8,0.2,2921.1
1230,19-08-2023 00:00,21-08-2023 00:00,West,Kerala,Office Supplies,Binders,Asha,Consumer,3594.29,7,0.28,2486.61
1231,20-08-2023 00:00,22-08-2023 00:00,South,Maharashtra,Furniture,Tables,Kiran,Consumer,6250.8,5,0.3,1244.17
1232,21-08-2023 00:00,23-08-2023 00:00,South,Tamil Nadu,Technology,Phones,Divya,Corporate,3407.09,5,0.22,1611.36
1233,22-08-2023 00:00,24-08-2023 00:00,South,Karnataka,Furniture,Chairs,Kiran,Consumer,7353.72,7,0.09,295.41
1234,23-08-2023 00:00,25-08-2023 00:00,South,Tamil Nadu,Technology,Phones,Arun,Corporate,4104.82,5,0.26,1403.25
1235,24-08-2023 00:00,26-08-2023 00:00,South,Karnataka,Office Supplies,Binders,Divya,Corporate,776.7,8,0.01,1932.4
1236,25-08-2023 00:00,27-08-2023 00:00,West,Maharashtra,Technology,Phones,Meena,Consumer,7859.22,6,0.07,1303.08
1237,26-08-2023 00:00,28-08-2023 00:00,West,Kerala,Office Supplies,Binders,Asha,Home Office,2929.01,5,0.27,2966
1238,27-08-2023 00:00,29-08-2023 00:00,Central,Tamil Nadu,Furniture,Tables,Arun,Consumer,4384.39,9,0.08,1639.7
1239,28-08-2023 00:00,30-08-2023 00:00,South,Kerala,Furniture,Tables,Ravi,Consumer,6885.89,2,0.07,798.41
1240,29-08-2023 00:00,31-08-2023 00:00,West,Tamil Nadu,Furniture,Chairs,Ravi,Corporate,3391.32,1,0.04,2202.53
1241,30-08-2023 00:00,01-09-2023 00:00,Central,Karnataka,Technology,Phones,Asha,Consumer,660.2,8,0.26,96.62
1242,31-08-2023 00:00,02-09-2023 00:00,South,Kerala,Office Supplies,Binders,Meena,Corporate,3801.82,3,0.15,845.81
1243,01-09-2023 00:00,03-09-2023 00:00,East,Tamil Nadu,Furniture,Chairs,Arun,Home Office,9450.04,7,0.2,714.36
1244,02-09-2023 00:00,04-09-2023 00:00,Central,Karnataka,Furniture,Chairs,Kiran,Home Office,6453.17,8,0.07,1011.32
1245,03-09-2023 00:00,05-09-2023 00:00,West,Kerala,Office Supplies,Binders,Asha,Home Office,6747.64,6,0.23,2236.23
1246,04-09-2023 00:00,06-09-2023 00:00,East,Kerala,Furniture,Tables,Meena,Consumer,6359.59,9,0.23,1194.61
1247,05-09-2023 00:00,07-09-2023 00:00,East,Tamil Nadu,Office Supplies,Binders,Kiran,Corporate,2070.02,7,0.09,2279.05
1248,06-09-2023 00:00,08-09-2023 00:00,East,Tamil Nadu,Office Supplies,Binders,Ravi,Home Office,4241.51,5,0.12,1517.71
1249,07-09-2023 00:00,09-09-2023 00:00,Central,Tamil Nadu,Office Supplies,Binders,Ravi,Corporate,7534.3,8,0.06,697.24
1250,08-09-2023 00:00,10-09-2023 00:00,West,Karnataka,Office Supplies,Binders,Kiran,Corporate,1103.59,2,0.29,2334.93
1251,09-09-2023 00:00,11-09-2023 00:00,East,Tamil Nadu,Office Supplies,Binders,Asha,Home Office,2850.74,7,0.19,334.01
1252,10-09-2023 00:00,12-09-2023 00:00,South,Kerala,Technology,Phones,Ravi,Home Office,2835.56,4,0.28,285.34
1253,11-09-2023 00:00,13-09-2023 00:00,East,Kerala,Furniture,Chairs,Arun,Corporate,4376.99,9,0.09,1265.76
1254,12-09-2023 00:00,14-09-2023 00:00,East,Tamil Nadu,Technology,Phones,Divya,Home Office,9805.65,1,0.23,412.97
1255,13-09-2023 00:00,15-09-2023 00:00,Central,Tamil Nadu,Furniture,Chairs,Kiran,Corporate,768.28,7,0.23,-468.2
1256,14-09-2023 00:00,16-09-2023 00:00,Central,Maharashtra,Technology,Phones,Kiran,Corporate,5235.14,6,0.21,1769.04
1257,15-09-2023 00:00,17-09-2023 00:00,West,Kerala,Office Supplies,Binders,Ravi,Home Office,1875.71,8,0.29,1288.83
1258,16-09-2023 00:00,18-09-2023 00:00,South,Karnataka,Furniture,Chairs,Asha,Consumer,9709.7,5,0.12,1059.31
1259,17-09-2023 00:00,19-09-2023 00:00,Central,Maharashtra,Furniture,Tables,Arun,Home Office,1221.7,1,0.04,2884.39
1260,18-09-2023 00:00,20-09-2023 00:00,East,Tamil Nadu,Technology,Phones,Asha,Consumer,4095.65,1,0.2,1499.2
1261,19-09-2023 00:00,21-09-2023 00:00,West,Tamil Nadu,Technology,Phones,Meena,Corporate,7405.06,9,0.22,2522.01
1262,20-09-2023 00:00,22-09-2023 00:00,East,Kerala,Furniture,Chairs,Meena,Corporate,7075.09,6,0.17,-11.92
1263,21-09-2023 00:00,23-09-2023 00:00,East,Tamil Nadu,Technology,Phones,Divya,Consumer,4285.01,5,0.06,1492.22
1264,22-09-2023 00:00,24-09-2023 00:00,Central,Karnataka,Technology,Phones,Ravi,Corporate,3530.59,1,0.15,2537.93
1265,23-09-2023 00:00,25-09-2023 00:00,West,Kerala,Technology,Phones,Ravi,Consumer,4036.36,6,0.09,1540.87
1266,24-09-2023 00:00,26-09-2023 00:00,South,Tamil Nadu,Office Supplies,Binders,Ravi,Consumer,2716.34,6,0.13,2013.05
1267,25-09-2023 00:00,27-09-2023 00:00,South,Kerala,Office Supplies,Binders,Divya,Corporate,2132.8,3,0.19,802.15
1268,26-09-2023 00:00,28-09-2023 00:00,Central,Tamil Nadu,Technology,Phones,Meena,Consumer,4882.09,8,0.22,-176.43
1269,27-09-2023 00:00,29-09-2023 00:00,Central,Tamil Nadu,Technology,Phones,Asha,Home Office,2758.48,1,0.07,1102.65
1270,28-09-2023 00:00,30-09-2023 00:00,West,Tamil Nadu,Office Supplies,Binders,Divya,Home Office,2945.87,1,0.12,880.68
1271,29-09-2023 00:00,01-10-2023 00:00,South,Karnataka,Office Supplies,Binders,Divya,Corporate,6601.89,6,0.08,2534.71
1272,30-09-2023 00:00,02-10-2023 00:00,South,Karnataka,Furniture,Tables,Asha,Corporate,9688.52,1,0.06,353.98
1273,01-10-2023 00:00,03-10-2023 00:00,South,Kerala,Furniture,Chairs,Ravi,Consumer,6076.01,6,0.24,2883.57
1274,02-10-2023 00:00,04-10-2023 00:00,East,Tamil Nadu,Office Supplies,Binders,Arun,Consumer,862.1,1,0.27,2853.48
1275,03-10-2023 00:00,05-10-2023 00:00,South,Tamil Nadu,Technology,Phones,Asha,Consumer,848.28,6,0.11,366.71
1276,04-10-2023 00:00,06-10-2023 00:00,East,Karnataka,Technology,Phones,Meena,Consumer,9519.09,3,0.23,718.18
1277,05-10-2023 00:00,07-10-2023 00:00,West,Tamil Nadu,Technology,Phones,Kiran,Home Office,3043.18,8,0.27,2634.45
1278,06-10-2023 00:00,08-10-2023 00:00,East,Karnataka,Technology,Phones,Kiran,Home Office,1011.46,6,0.25,2883.18
1279,07-10-2023 00:00,09-10-2023 00:00,West,Tamil Nadu,Furniture,Chairs,Divya,Corporate,6030.54,1,0.05,1052.04
1280,08-10-2023 00:00,10-10-2023 00:00,South,Kerala,Office Supplies,Binders,Kiran,Consumer,6274.12,5,0.29,623.49
1281,09-10-2023 00:00,11-10-2023 00:00,South,Tamil Nadu,Technology,Phones,Arun,Consumer,6520.2,8,0.11,1341.33
1282,10-10-2023 00:00,12-10-2023 00:00,West,Tamil Nadu,Furniture,Chairs,Ravi,Corporate,2747.28,3,0.1,1907.19
1283,11-10-2023 00:00,13-10-2023 00:00,Central,Maharashtra,Technology,Phones,Meena,Consumer,249.6,6,0.02,457.16
1284,12-10-2023 00:00,14-10-2023 00:00,West,Karnataka,Office Supplies,Binders,Arun,Consumer,9653.65,5,0.15,2077.66
1285,13-10-2023 00:00,15-10-2023 00:00,Central,Tamil Nadu,Furniture,Chairs,Meena,Consumer,2583.84,6,0.03,-319.2
1286,14-10-2023 00:00,16-10-2023 00:00,East,Tamil Nadu,Office Supplies,Binders,Meena,Consumer,6792.66,1,0.07,-327.47
1287,15-10-2023 00:00,17-10-2023 00:00,East,Maharashtra,Office Supplies,Binders,Ravi,Consumer,7095.64,7,0.1,852.01
1288,16-10-2023 00:00,18-10-2023 00:00,East,Maharashtra,Furniture,Tables,Divya,Corporate,6139.07,9,0.24,737.16
1289,17-10-2023 00:00,19-10-2023 00:00,South,Karnataka,Furniture,Tables,Kiran,Consumer,3197.78,2,0.26,604.72
1290,18-10-2023 00:00,20-10-2023 00:00,East,Maharashtra,Furniture,Tables,Ravi,Corporate,2783.85,5,0.09,1218.57
1291,19-10-2023 00:00,21-10-2023 00:00,Central,Kerala,Furniture,Tables,Arun,Consumer,6016.92,4,0.26,622.57
1292,20-10-2023 00:00,22-10-2023 00:00,East,Maharashtra,Furniture,Chairs,Divya,Home Office,8674.35,6,0.26,172.9
1293,21-10-2023 00:00,23-10-2023 00:00,West,Kerala,Furniture,Chairs,Arun,Home Office,9472.66,6,0.23,583.14
1294,22-10-2023 00:00,24-10-2023 00:00,West,Karnataka,Furniture,Chairs,Divya,Home Office,1148.47,2,0.04,2912.16
1295,23-10-2023 00:00,25-10-2023 00:00,South,Karnataka,Technology,Phones,Arun,Home Office,1632.8,2,0.21,938.9
1296,24-10-2023 00:00,26-10-2023 00:00,West,Karnataka,Office Supplies,Binders,Ravi,Corporate,9452.89,4,0.28,1056.49
1297,25-10-2023 00:00,27-10-2023 00:00,Central,Karnataka,Furniture,Chairs,Divya,Corporate,7391.7,1,0.2,1517.91
1298,26-10-2023 00:00,28-10-2023 00:00,East,Karnataka,Technology,Phones,Divya,Consumer,8841.64,9,0.1,2941.69
1299,27-10-2023 00:00,29-10-2023 00:00,South,Kerala,Technology,Phones,Meena,Home Office,2106.06,7,0.15,345.6
1300,28-10-2023 00:00,30-10-2023 00:00,East,Kerala,Technology,Phones,Meena,Corporate,5917.1,7,0.19,1884.49
1301,29-10-2023 00:00,31-10-2023 00:00,East,Karnataka,Office Supplies,Binders,Asha,Consumer,7041.28,3,0.15,2005.95
1302,30-10-2023 00:00,01-11-2023 00:00,Central,Maharashtra,Furniture,Chairs,Arun,Consumer,6833.11,3,0.04,1625.64
1303,31-10-2023 00:00,02-11-2023 00:00,West,Tamil Nadu,Technology,Phones,Meena,Corporate,4140.7,1,0.09,-189.98
1304,01-11-2023 00:00,03-11-2023 00:00,West,Karnataka,Office Supplies,Binders,Asha,Home Office,252.41,3,0.24,1869.05
1305,02-11-2023 00:00,04-11-2023 00:00,East,Maharashtra,Office Supplies,Binders,Meena,Consumer,5870.97,3,0.26,-275.67
1306,03-11-2023 00:00,05-11-2023 00:00,South,Tamil Nadu,Office Supplies,Binders,Arun,Home Office,2605.71,4,0.04,1586.5
1307,04-11-2023 00:00,06-11-2023 00:00,West,Karnataka,Technology,Phones,Divya,Home Office,4557.52,4,0.29,2088.53
1308,05-11-2023 00:00,07-11-2023 00:00,South,Karnataka,Furniture,Chairs,Kiran,Home Office,9580.05,3,0.1,238.39
1309,06-11-2023 00:00,08-11-2023 00:00,West,Kerala,Technology,Phones,Arun,Consumer,4050.45,8,0.2,2445.68
1310,07-11-2023 00:00,09-11-2023 00:00,South,Tamil Nadu,Technology,Phones,Ravi,Home Office,8414.04,8,0.23,-393.76
1311,08-11-2023 00:00,10-11-2023 00:00,Central,Tamil Nadu,Furniture,Tables,Meena,Consumer,1966.55,1,0.24,2453.35
1312,09-11-2023 00:00,11-11-2023 00:00,South,Maharashtra,Furniture,Tables,Meena,Home Office,6757.36,7,0.28,1111.15
1313,10-11-2023 00:00,12-11-2023 00:00,Central,Kerala,Furniture,Tables,Divya,Consumer,9772.37,2,0.09,261.56
1314,11-11-2023 00:00,13-11-2023 00:00,Central,Kerala,Office Supplies,Binders,Ravi,Home Office,1108.74,1,0.26,-31.78
1315,12-11-2023 00:00,14-11-2023 00:00,South,Kerala,Furniture,Tables,Divya,Corporate,182.37,3,0.04,2836.58
1316,13-11-2023 00:00,15-11-2023 00:00,Central,Kerala,Technology,Phones,Ravi,Home Office,4392.47,4,0.21,-245.67
1317,14-11-2023 00:00,16-11-2023 00:00,East,Tamil Nadu,Furniture,Chairs,Kiran,Home Office,1016.99,6,0.22,196.83
1318,15-11-2023 00:00,17-11-2023 00:00,Central,Tamil Nadu,Technology,Phones,Meena,Consumer,7509.01,5,0.2,717.38
1319,16-11-2023 00:00,18-11-2023 00:00,West,Karnataka,Office Supplies,Binders,Meena,Consumer,9154.03,4,0.08,1670.82
1320,17-11-2023 00:00,19-11-2023 00:00,South,Karnataka,Technology,Phones,Kiran,Home Office,4396.81,8,0.26,1406.8
1321,18-11-2023 00:00,20-11-2023 00:00,East,Kerala,Technology,Phones,Asha,Corporate,2661.25,4,0.05,-60.25
1322,19-11-2023 00:00,21-11-2023 00:00,South,Kerala,Furniture,Chairs,Divya,Corporate,4400.59,2,0.02,514.05
1323,20-11-2023 00:00,22-11-2023 00:00,West,Kerala,Furniture,Chairs,Kiran,Consumer,7262.13,3,0.22,335.63
1324,21-11-2023 00:00,23-11-2023 00:00,West,Karnataka,Technology,Phones,Divya,Corporate,189.64,6,0.14,247.4
1325,22-11-2023 00:00,24-11-2023 00:00,West,Maharashtra,Furniture,Chairs,Arun,Home Office,5935.59,8,0.25,939.01
1326,23-11-2023 00:00,25-11-2023 00:00,Central,Maharashtra,Office Supplies,Binders,Meena,Consumer,6171.59,8,0.12,1964.11
1327,24-11-2023 00:00,26-11-2023 00:00,Central,Karnataka,Office Supplies,Binders,Divya,Home Office,6413.11,9,0.05,261.09
1328,25-11-2023 00:00,27-11-2023 00:00,South,Karnataka,Furniture,Chairs,Ravi,Consumer,2496.02,7,0.25,783.38
1329,26-11-2023 00:00,28-11-2023 00:00,South,Karnataka,Office Supplies,Binders,Divya,Consumer,7169.12,2,0.16,868.21
1330,27-11-2023 00:00,29-11-2023 00:00,East,Karnataka,Furniture,Chairs,Arun,Consumer,1004.78,8,0.06,2917.6
1331,28-11-2023 00:00,30-11-2023 00:00,East,Karnataka,Technology,Phones,Meena,Consumer,2072.78,7,0.22,2841.33
1332,29-11-2023 00:00,01-12-2023 00:00,South,Karnataka,Technology,Phones,Kiran,Corporate,8786.95,8,0.15,2300.48
1333,30-11-2023 00:00,02-12-2023 00:00,Central,Kerala,Office Supplies,Binders,Arun,Home Office,7413.36,3,0.18,345.81
1334,01-12-2023 00:00,03-12-2023 00:00,West,Kerala,Furniture,Chairs,Meena,Home Office,236.08,7,0.14,-261.87
1335,02-12-2023 00:00,04-12-2023 00:00,South,Kerala,Furniture,Chairs,Divya,Home Office,2558.92,9,0.25,609.16
1336,03-12-2023 00:00,05-12-2023 00:00,East,Kerala,Office Supplies,Binders,Asha,Consumer,2222.62,3,0.25,433.78
1337,04-12-2023 00:00,06-12-2023 00:00,Central,Karnataka,Technology,Phones,Asha,Corporate,2780.98,6,0.21,1270.74
1338,05-12-2023 00:00,07-12-2023 00:00,South,Maharashtra,Office Supplies,Binders,Ravi,Home Office,2550.84,2,0.03,2222.05
1339,06-12-2023 00:00,08-12-2023 00:00,South,Tamil Nadu,Technology,Phones,Meena,Corporate,719.01,2,0.25,2504.13
1340,07-12-2023 00:00,09-12-2023 00:00,Central,Karnataka,Furniture,Chairs,Asha,Consumer,4643.51,5,0.2,2457.02
1341,08-12-2023 00:00,10-12-2023 00:00,South,Tamil Nadu,Technology,Phones,Kiran,Home Office,7354.06,5,0.21,758.86
1342,09-12-2023 00:00,11-12-2023 00:00,Central,Maharashtra,Office Supplies,Binders,Meena,Corporate,6106.64,7,0.11,1905.32
1343,10-12-2023 00:00,12-12-2023 00:00,West,Kerala,Furniture,Tables,Kiran,Consumer,6761.43,2,0.26,594.92
1344,11-12-2023 00:00,13-12-2023 00:00,Central,Maharashtra,Office Supplies,Binders,Kiran,Corporate,903.38,7,0.22,-286.83
1345,12-12-2023 00:00,14-12-2023 00:00,Central,Karnataka,Office Supplies,Binders,Asha,Home Office,9519.76,5,0.03,1955.48
1346,13-12-2023 00:00,15-12-2023 00:00,Central,Kerala,Technology,Phones,Meena,Home Office,8401.07,6,0.12,-465.6
1347,14-12-2023 00:00,16-12-2023 00:00,South,Karnataka,Office Supplies,Binders,Divya,Consumer,8070.39,8,0.27,932.14
1348,15-12-2023 00:00,17-12-2023 00:00,South,Kerala,Technology,Phones,Arun,Consumer,8247.54,4,0.01,652.83
1349,16-12-2023 00:00,18-12-2023 00:00,Central,Tamil Nadu,Furniture,Chairs,Asha,Consumer,9333.83,7,0.29,1926.82
1350,17-12-2023 00:00,19-12-2023 00:00,South,Tamil Nadu,Technology,Phones,Asha,Corporate,5488.11,6,0.2,2181.86
1351,18-12-2023 00:00,20-12-2023 00:00,East,Tamil Nadu,Furniture,Tables,Divya,Corporate,2082.79,2,0.19,564.33
1352,19-12-2023 00:00,21-12-2023 00:00,East,Maharashtra,Technology,Phones,Meena,Corporate,6206.16,8,0.08,2340.69
1353,20-12-2023 00:00,22-12-2023 00:00,South,Karnataka,Office Supplies,Binders,Meena,Consumer,7454.53,9,0.07,528.71
1354,21-12-2023 00:00,23-12-2023 00:00,South,Maharashtra,Technology,Phones,Kiran,Home Office,7405.38,5,0.28,1062.14
1355,22-12-2023 00:00,24-12-2023 00:00,Central,Tamil Nadu,Technology,Phones,Divya,Home Office,5262.35,4,0.09,2044.56
1356,23-12-2023 00:00,25-12-2023 00:00,West,Karnataka,Furniture,Tables,Divya,Corporate,777.74,6,0.23,1925.22
1357,24-12-2023 00:00,26-12-2023 00:00,South,Tamil Nadu,Office Supplies,Binders,Meena,Corporate,3774.02,8,0.12,2955.79
1358,25-12-2023 00:00,27-12-2023 00:00,East,Maharashtra,Technology,Phones,Kiran,Home Office,9215.59,3,0.04,288.06
1359,26-12-2023 00:00,28-12-2023 00:00,Central,Maharashtra,Office Supplies,Binders,Asha,Home Office,5886.04,1,0,1818.11
1360,27-12-2023 00:00,29-12-2023 00:00,South,Maharashtra,Technology,Phones,Ravi,Corporate,5429.49,4,0.16,1633.89
1361,28-12-2023 00:00,30-12-2023 00:00,East,Tamil Nadu,Technology,Phones,Arun,Corporate,2761.65,4,0.29,2702.84
1362,29-12-2023 00:00,31-12-2023 00:00,East,Karnataka,Office Supplies,Binders,Asha,Home Office,3747.64,1,0.11,47.27
1363,30-12-2023 00:00,01-01-2024 00:00,West,Karnataka,Technology,Phones,Meena,Consumer,8963.93,9,0.11,2131.29
1364,31-12-2023 00:00,02-01-2024 00:00,Central,Tamil Nadu,Office Supplies,Binders,Arun,Corporate,6697.98,3,0.1,1488.94
1365,01-01-2024 00:00,03-01-2024 00:00,Central,Karnataka,Technology,Phones,Ravi,Home Office,7895.13,5,0.16,461.33
1366,02-01-2024 00:00,04-01-2024 00:00,West,Tamil Nadu,Furniture,Chairs,Ravi,Home Office,4598.02,6,0.13,1160.52
1367,03-01-2024 00:00,05-01-2024 00:00,West,Karnataka,Office Supplies,Binders,Kiran,Home Office,6339.45,8,0.26,668.22
1368,04-01-2024 00:00,06-01-2024 00:00,Central,Kerala,Technology,Phones,Arun,Home Office,2559,6,0.15,1527.6
1369,05-01-2024 00:00,07-01-2024 00:00,Central,Kerala,Technology,Phones,Kiran,Consumer,7084.06,3,0.15,2611.5
1370,06-01-2024 00:00,08-01-2024 00:00,South,Maharashtra,Furniture,Tables,Asha,Home Office,4333.25,6,0.04,1492.57
1371,07-01-2024 00:00,09-01-2024 00:00,South,Kerala,Office Supplies,Binders,Divya,Corporate,4481.2,1,0.29,1711.03
1372,08-01-2024 00:00,10-01-2024 00:00,West,Kerala,Technology,Phones,Divya,Consumer,6528.29,4,0.07,1315.62
1373,09-01-2024 00:00,11-01-2024 00:00,South,Kerala,Furniture,Tables,Divya,Home Office,9369.18,6,0.02,-320.92
1374,10-01-2024 00:00,12-01-2024 00:00,East,Tamil Nadu,Technology,Phones,Arun,Consumer,733.66,7,0.2,315
1375,11-01-2024 00:00,13-01-2024 00:00,South,Kerala,Office Supplies,Binders,Divya,Corporate,8264.96,3,0.18,1222.01
1376,12-01-2024 00:00,14-01-2024 00:00,South,Kerala,Technology,Phones,Asha,Home Office,2994.59,9,0.12,585.82
1377,13-01-2024 00:00,15-01-2024 00:00,East,Maharashtra,Technology,Phones,Kiran,Corporate,4494.8,7,0.13,136.17
1378,14-01-2024 00:00,16-01-2024 00:00,West,Kerala,Technology,Phones,Arun,Home Office,316.94,1,0.24,1264.46
1379,15-01-2024 00:00,17-01-2024 00:00,East,Kerala,Technology,Phones,Kiran,Home Office,3080.36,2,0.06,629.83
1380,16-01-2024 00:00,18-01-2024 00:00,South,Karnataka,Furniture,Tables,Arun,Home Office,5076.05,1,0.25,403.38
1381,17-01-2024 00:00,19-01-2024 00:00,West,Maharashtra,Furniture,Tables,Kiran,Home Office,656.14,9,0.19,1123.95
1382,18-01-2024 00:00,20-01-2024 00:00,South,Maharashtra,Office Supplies,Binders,Ravi,Home Office,4961.85,9,0.13,-33.51
1383,19-01-2024 00:00,21-01-2024 00:00,East,Maharashtra,Furniture,Chairs,Kiran,Consumer,9278.4,7,0.14,2747.11
1384,20-01-2024 00:00,22-01-2024 00:00,East,Maharashtra,Furniture,Tables,Divya,Home Office,1143.39,3,0.08,2536.96
1385,21-01-2024 00:00,23-01-2024 00:00,South,Maharashtra,Office Supplies,Binders,Ravi,Home Office,7667.96,5,0.23,1976.67
1386,22-01-2024 00:00,24-01-2024 00:00,Central,Maharashtra,Furniture,Chairs,Kiran,Consumer,4155.74,4,0.15,-128.25
1387,23-01-2024 00:00,25-01-2024 00:00,Central,Tamil Nadu,Furniture,Tables,Arun,Consumer,6586.22,7,0.1,2215.57
1388,24-01-2024 00:00,26-01-2024 00:00,East,Kerala,Office Supplies,Binders,Arun,Consumer,2676.34,9,0.18,2327.85
1389,25-01-2024 00:00,27-01-2024 00:00,East,Maharashtra,Office Supplies,Binders,Arun,Consumer,1678.97,2,0.3,2187.18
1390,26-01-2024 00:00,28-01-2024 00:00,Central,Kerala,Office Supplies,Binders,Meena,Consumer,1688.58,8,0.13,-101.12
1391,27-01-2024 00:00,29-01-2024 00:00,Central,Kerala,Technology,Phones,Asha,Consumer,797.87,9,0.28,1753.68
1392,28-01-2024 00:00,30-01-2024 00:00,South,Tamil Nadu,Technology,Phones,Arun,Home Office,1937.9,9,0.1,2420.14
1393,29-01-2024 00:00,31-01-2024 00:00,South,Maharashtra,Office Supplies,Binders,Ravi,Home Office,6675.77,7,0.02,1520.74
1394,30-01-2024 00:00,01-02-2024 00:00,Central,Karnataka,Office Supplies,Binders,Arun,Corporate,8828.74,9,0.06,1762.43
1395,31-01-2024 00:00,02-02-2024 00:00,South,Tamil Nadu,Office Supplies,Binders,Meena,Home Office,8159.84,9,0.13,1104.27
1396,01-02-2024 00:00,03-02-2024 00:00,South,Karnataka,Technology,Phones,Divya,Home Office,6882.83,3,0.07,1350.48
1397,02-02-2024 00:00,04-02-2024 00:00,West,Kerala,Technology,Phones,Ravi,Consumer,1193.28,4,0,-379.68
1398,03-02-2024 00:00,05-02-2024 00:00,South,Kerala,Furniture,Chairs,Meena,Consumer,2962.96,2,0.27,1736.37
1399,04-02-2024 00:00,06-02-2024 00:00,East,Tamil Nadu,Furniture,Tables,Divya,Home Office,3167.09,3,0.25,-214.93
1400,05-02-2024 00:00,07-02-2024 00:00,South,Tamil Nadu,Office Supplies,Binders,Ravi,Corporate,2574.57,5,0.22,1022.55
1401,06-02-2024 00:00,08-02-2024 00:00,South,Karnataka,Technology,Phones,Kiran,Consumer,5198.56,5,0.05,524.29
1402,07-02-2024 00:00,09-02-2024 00:00,Central,Maharashtra,Technology,Phones,Asha,Home Office,5401.98,6,0.04,1409
1403,08-02-2024 00:00,10-02-2024 00:00,East,Karnataka,Technology,Phones,Asha,Home Office,3633.17,7,0.02,-33.04
1404,09-02-2024 00:00,11-02-2024 00:00,South,Tamil Nadu,Office Supplies,Binders,Meena,Corporate,3602.51,7,0.22,1920.75
1405,10-02-2024 00:00,12-02-2024 00:00,South,Karnataka,Furniture,Chairs,Divya,Corporate,8302.7,1,0.28,2282.54
1406,11-02-2024 00:00,13-02-2024 00:00,West,Tamil Nadu,Office Supplies,Binders,Asha,Consumer,7914,2,0.13,71.74
1407,12-02-2024 00:00,14-02-2024 00:00,South,Karnataka,Furniture,Chairs,Divya,Corporate,3147.18,9,0.04,-134.9
1408,13-02-2024 00:00,15-02-2024 00:00,South,Tamil Nadu,Furniture,Tables,Divya,Home Office,9146.51,2,0.15,9.3
1409,14-02-2024 00:00,16-02-2024 00:00,West,Tamil Nadu,Office Supplies,Binders,Meena,Home Office,9532.87,6,0.1,2569.95
1410,15-02-2024 00:00,17-02-2024 00:00,Central,Tamil Nadu,Furniture,Chairs,Meena,Corporate,3334.75,1,0.11,1348.66
1411,16-02-2024 00:00,18-02-2024 00:00,South,Maharashtra,Furniture,Tables,Meena,Corporate,3608.81,3,0.19,1135.41
1412,17-02-2024 00:00,19-02-2024 00:00,West,Karnataka,Technology,Phones,Asha,Corporate,5105.78,2,0.22,-126.51
1413,18-02-2024 00:00,20-02-2024 00:00,East,Karnataka,Furniture,Chairs,Meena,Corporate,9417.1,3,0.03,1773.45
1414,19-02-2024 00:00,21-02-2024 00:00,Central,Karnataka,Office Supplies,Binders,Asha,Consumer,8775.56,5,0.01,2538
1415,20-02-2024 00:00,22-02-2024 00:00,East,Tamil Nadu,Office Supplies,Binders,Meena,Corporate,1115.42,6,0.3,2398.65
1416,21-02-2024 00:00,23-02-2024 00:00,East,Karnataka,Furniture,Tables,Arun,Consumer,3988.03,9,0.07,1691.19
1417,22-02-2024 00:00,24-02-2024 00:00,West,Karnataka,Technology,Phones,Divya,Home Office,5578.37,4,0.02,-236.52
1418,23-02-2024 00:00,25-02-2024 00:00,South,Tamil Nadu,Technology,Phones,Meena,Corporate,5081.01,7,0.06,-106.61
1419,24-02-2024 00:00,26-02-2024 00:00,West,Kerala,Furniture,Tables,Ravi,Consumer,2019.24,6,0.01,-327.42
1420,25-02-2024 00:00,27-02-2024 00:00,West,Tamil Nadu,Furniture,Tables,Divya,Corporate,8602.29,2,0.12,401.18
1421,26-02-2024 00:00,28-02-2024 00:00,West,Karnataka,Office Supplies,Binders,Divya,Home Office,6801.71,8,0.24,-25.18
1422,27-02-2024 00:00,29-02-2024 00:00,West,Tamil Nadu,Furniture,Chairs,Meena,Home Office,8395.29,7,0.1,410.17
1423,28-02-2024 00:00,01-03-2024 00:00,Central,Kerala,Technology,Phones,Kiran,Home Office,8601.77,7,0.13,847.7
1424,29-02-2024 00:00,02-03-2024 00:00,South,Tamil Nadu,Furniture,Tables,Meena,Corporate,7508.72,8,0.2,2800.44
1425,01-03-2024 00:00,03-03-2024 00:00,East,Karnataka,Office Supplies,Binders,Divya,Corporate,4448.18,1,0.15,1636.32
1426,02-03-2024 00:00,04-03-2024 00:00,East,Kerala,Office Supplies,Binders,Ravi,Consumer,6144.41,1,0.26,2422.41
1427,03-03-2024 00:00,05-03-2024 00:00,South,Maharashtra,Office Supplies,Binders,Divya,Home Office,1687.62,8,0.26,1986.23
1428,04-03-2024 00:00,06-03-2024 00:00,East,Karnataka,Office Supplies,Binders,Ravi,Corporate,6769.09,4,0,-106.24
1429,05-03-2024 00:00,07-03-2024 00:00,South,Kerala,Office Supplies,Binders,Asha,Home Office,1874.61,5,0.23,2075.72
1430,06-03-2024 00:00,08-03-2024 00:00,East,Kerala,Furniture,Tables,Arun,Home Office,6970.1,8,0.14,462.85
1431,07-03-2024 00:00,09-03-2024 00:00,West,Maharashtra,Furniture,Chairs,Divya,Consumer,2373.02,5,0.3,1736.88
1432,08-03-2024 00:00,10-03-2024 00:00,East,Tamil Nadu,Furniture,Chairs,Meena,Consumer,1263.76,4,0.14,693.37
1433,09-03-2024 00:00,11-03-2024 00:00,South,Tamil Nadu,Furniture,Tables,Asha,Consumer,1736.32,6,0.3,2991.85
1434,10-03-2024 00:00,12-03-2024 00:00,South,Karnataka,Office Supplies,Binders,Arun,Consumer,119.72,5,0.23,422.43
1435,11-03-2024 00:00,13-03-2024 00:00,South,Maharashtra,Technology,Phones,Meena,Home Office,7215.52,7,0.07,476.96
1436,12-03-2024 00:00,14-03-2024 00:00,South,Tamil Nadu,Furniture,Tables,Kiran,Consumer,7350.77,7,0.16,2757.35
1437,13-03-2024 00:00,15-03-2024 00:00,South,Maharashtra,Technology,Phones,Meena,Consumer,5197.84,4,0.3,-413.74
1438,14-03-2024 00:00,16-03-2024 00:00,Central,Tamil Nadu,Furniture,Tables,Ravi,Consumer,1697.49,5,0.26,1938.41
1439,15-03-2024 00:00,17-03-2024 00:00,Central,Kerala,Furniture,Chairs,Ravi,Consumer,927.19,3,0.03,2038.64
1440,16-03-2024 00:00,18-03-2024 00:00,East,Tamil Nadu,Technology,Phones,Kiran,Home Office,289.38,4,0.21,2427.33
1441,17-03-2024 00:00,19-03-2024 00:00,South,Maharashtra,Office Supplies,Binders,Asha,Consumer,1740.91,4,0.1,2910.54
1442,18-03-2024 00:00,20-03-2024 00:00,East,Kerala,Furniture,Chairs,Arun,Home Office,8919.47,3,0,2914.61
1443,19-03-2024 00:00,21-03-2024 00:00,South,Kerala,Furniture,Tables,Meena,Corporate,2491.21,5,0.12,-271.53
1444,20-03-2024 00:00,22-03-2024 00:00,South,Kerala,Furniture,Tables,Ravi,Home Office,3607.29,5,0.07,2376.44
1445,21-03-2024 00:00,23-03-2024 00:00,Central,Maharashtra,Technology,Phones,Asha,Home Office,1142.92,7,0.25,1762.08
1446,22-03-2024 00:00,24-03-2024 00:00,Central,Karnataka,Office Supplies,Binders,Kiran,Consumer,2301.38,4,0.1,1765.7
1447,23-03-2024 00:00,25-03-2024 00:00,West,Karnataka,Technology,Phones,Divya,Corporate,5240.32,4,0.25,-50.78
1448,24-03-2024 00:00,26-03-2024 00:00,Central,Karnataka,Technology,Phones,Ravi,Corporate,6116.75,9,0,1775.66
1449,25-03-2024 00:00,27-03-2024 00:00,West,Maharashtra,Office Supplies,Binders,Kiran,Corporate,2528.99,6,0.09,2938.69
1450,26-03-2024 00:00,28-03-2024 00:00,West,Kerala,Technology,Phones,Meena,Corporate,671.55,4,0.07,2691.36
1451,27-03-2024 00:00,29-03-2024 00:00,West,Karnataka,Office Supplies,Binders,Arun,Home Office,3971.23,2,0.07,1036.96
1452,28-03-2024 00:00,30-03-2024 00:00,West,Maharashtra,Furniture,Tables,Ravi,Corporate,2418.61,6,0.02,-360.18
1453,29-03-2024 00:00,31-03-2024 00:00,West,Karnataka,Office Supplies,Binders,Ravi,Home Office,2273.58,2,0.06,768.03
1454,30-03-2024 00:00,01-04-2024 00:00,East,Tamil Nadu,Furniture,Tables,Meena,Home Office,9602.64,5,0.17,2392.37
1455,31-03-2024 00:00,02-04-2024 00:00,Central,Karnataka,Technology,Phones,Divya,Home Office,6201.37,6,0.09,1955.25
1456,01-04-2024 00:00,03-04-2024 00:00,West,Karnataka,Technology,Phones,Asha,Corporate,5613.1,4,0.13,1107.7
1457,02-04-2024 00:00,04-04-2024 00:00,South,Kerala,Furniture,Tables,Arun,Consumer,4216.17,3,0.11,-307.14
1458,03-04-2024 00:00,05-04-2024 00:00,Central,Maharashtra,Technology,Phones,Ravi,Consumer,4346.55,7,0.26,994.13
1459,04-04-2024 00:00,06-04-2024 00:00,Central,Kerala,Office Supplies,Binders,Arun,Corporate,5454.96,2,0.27,1141.59
1460,05-04-2024 00:00,07-04-2024 00:00,West,Kerala,Furniture,Chairs,Ravi,Consumer,6994.66,6,0.15,2749.94
1461,06-04-2024 00:00,08-04-2024 00:00,East,Kerala,Technology,Phones,Arun,Consumer,7051.25,4,0.1,1743.8
1462,07-04-2024 00:00,09-04-2024 00:00,West,Kerala,Furniture,Chairs,Kiran,Home Office,1799.77,6,0.03,590.79
1463,08-04-2024 00:00,10-04-2024 00:00,East,Kerala,Office Supplies,Binders,Ravi,Home Office,5051.12,4,0.29,1338.61
1464,09-04-2024 00:00,11-04-2024 00:00,South,Karnataka,Office Supplies,Binders,Arun,Corporate,4178.39,4,0.02,-268.81
1465,10-04-2024 00:00,12-04-2024 00:00,Central,Kerala,Technology,Phones,Asha,Corporate,8718.22,4,0.09,2903.99
1466,11-04-2024 00:00,13-04-2024 00:00,South,Kerala,Office Supplies,Binders,Kiran,Consumer,6351.05,9,0.09,760.21
1467,12-04-2024 00:00,14-04-2024 00:00,East,Maharashtra,Furniture,Chairs,Kiran,Home Office,5371.79,7,0.1,1172.54
1468,13-04-2024 00:00,15-04-2024 00:00,East,Tamil Nadu,Office Supplies,Binders,Asha,Corporate,1242.41,3,0.05,743.49
1469,14-04-2024 00:00,16-04-2024 00:00,South,Karnataka,Furniture,Tables,Arun,Corporate,6095.82,3,0.23,1888.79
1470,15-04-2024 00:00,17-04-2024 00:00,East,Karnataka,Furniture,Chairs,Meena,Corporate,1260.32,6,0.04,1817.81
1471,16-04-2024 00:00,18-04-2024 00:00,South,Karnataka,Office Supplies,Binders,Asha,Corporate,3438.35,6,0.19,2003.63
1472,17-04-2024 00:00,19-04-2024 00:00,Central,Kerala,Technology,Phones,Arun,Corporate,1514.14,4,0.04,438.5
1473,18-04-2024 00:00,20-04-2024 00:00,South,Kerala,Office Supplies,Binders,Asha,Corporate,6951.53,9,0.02,604.84
1474,19-04-2024 00:00,21-04-2024 00:00,Central,Kerala,Furniture,Chairs,Asha,Consumer,2141.9,4,0.27,-61.62
1475,20-04-2024 00:00,22-04-2024 00:00,South,Maharashtra,Furniture,Tables,Ravi,Home Office,3979.41,9,0.06,1794.28
1476,21-04-2024 00:00,23-04-2024 00:00,East,Tamil Nadu,Office Supplies,Binders,Arun,Home Office,8967.18,4,0.25,-360.71
1477,22-04-2024 00:00,24-04-2024 00:00,South,Kerala,Technology,Phones,Meena,Corporate,2122.73,2,0.16,1591.89
1478,23-04-2024 00:00,25-04-2024 00:00,East,Tamil Nadu,Technology,Phones,Ravi,Home Office,5127.27,2,0.02,2543.94
1479,24-04-2024 00:00,26-04-2024 00:00,South,Maharashtra,Furniture,Chairs,Asha,Home Office,4250.79,5,0.29,2617.91
1480,25-04-2024 00:00,27-04-2024 00:00,South,Karnataka,Furniture,Tables,Divya,Home Office,279.43,4,0.07,1071.63
1481,26-04-2024 00:00,28-04-2024 00:00,West,Kerala,Technology,Phones,Asha,Corporate,7948.31,7,0.26,1107.56
1482,27-04-2024 00:00,29-04-2024 00:00,East,Tamil Nadu,Office Supplies,Binders,Asha,Corporate,783.55,5,0.05,-230.61
1483,28-04-2024 00:00,30-04-2024 00:00,West,Tamil Nadu,Furniture,Chairs,Arun,Home Office,4795.12,6,0.26,1847.68
1484,29-04-2024 00:00,01-05-2024 00:00,East,Kerala,Furniture,Chairs,Arun,Home Office,5650.72,4,0,2374.41
1485,30-04-2024 00:00,02-05-2024 00:00,West,Karnataka,Technology,Phones,Ravi,Corporate,6321.42,2,0.15,356.29
1486,01-05-2024 00:00,03-05-2024 00:00,Central,Karnataka,Office Supplies,Binders,Meena,Consumer,6917.45,9,0.23,974.55
1487,02-05-2024 00:00,04-05-2024 00:00,South,Karnataka,Technology,Phones,Ravi,Home Office,2607.4,7,0.28,2435.94
1488,03-05-2024 00:00,05-05-2024 00:00,East,Maharashtra,Office Supplies,Binders,Kiran,Consumer,198.79,4,0.27,2569.92
1489,04-05-2024 00:00,06-05-2024 00:00,East,Tamil Nadu,Office Supplies,Binders,Asha,Home Office,7262.09,3,0.25,351.13
1490,05-05-2024 00:00,07-05-2024 00:00,South,Tamil Nadu,Office Supplies,Binders,Divya,Consumer,5403,3,0.27,1427
1491,06-05-2024 00:00,08-05-2024 00:00,East,Tamil Nadu,Furniture,Tables,Asha,Consumer,8377.57,9,0.06,173.73
1492,07-05-2024 00:00,09-05-2024 00:00,East,Maharashtra,Technology,Phones,Asha,Consumer,8231.74,5,0.09,-143.42
1493,08-05-2024 00:00,10-05-2024 00:00,West,Tamil Nadu,Technology,Phones,Ravi,Corporate,8448.93,3,0.09,2688.92
1494,09-05-2024 00:00,11-05-2024 00:00,East,Maharashtra,Office Supplies,Binders,Divya,Consumer,4902.44,5,0.11,2371.78
1495,10-05-2024 00:00,12-05-2024 00:00,Central,Karnataka,Furniture,Chairs,Divya,Consumer,3402.92,2,0.12,2160.12
1496,11-05-2024 00:00,13-05-2024 00:00,Central,Kerala,Furniture,Tables,Divya,Consumer,7936.43,4,0.16,-329.32
1497,12-05-2024 00:00,14-05-2024 00:00,South,Tamil Nadu,Technology,Phones,Ravi,Home Office,4567.81,2,0.05,2453.05
1498,13-05-2024 00:00,15-05-2024 00:00,East,Tamil Nadu,Furniture,Tables,Asha,Consumer,1916.08,2,0.21,1033.15
1499,14-05-2024 00:00,16-05-2024 00:00,South,Karnataka,Furniture,Tables,Ravi,Home Office,8564.24,8,0.05,698.38
1500,15-05-2024 00:00,17-05-2024 00:00,Central,Kerala,Office Supplies,Binders,Arun,Consumer,8837.34,1,0.09,1412.67
1501,16-05-2024 00:00,18-05-2024 00:00,East,Maharashtra,Furniture,Chairs,Arun,Consumer,4716.47,7,0.15,-180.26
1502,17-05-2024 00:00,19-05-2024 00:00,East,Kerala,Office Supplies,Binders,Ravi,Corporate,849.43,5,0.24,2148.26
1503,18-05-2024 00:00,20-05-2024 00:00,South,Karnataka,Technology,Phones,Divya,Home Office,3939.48,8,0.22,1538.52
1504,19-05-2024 00:00,21-05-2024 00:00,Central,Karnataka,Furniture,Tables,Asha,Consumer,8055.02,1,0.19,153.07
1505,20-05-2024 00:00,22-05-2024 00:00,East,Kerala,Technology,Phones,Ravi,Home Office,9027.56,7,0.05,158.81
1506,21-05-2024 00:00,23-05-2024 00:00,South,Maharashtra,Technology,Phones,Ravi,Home Office,2114.38,5,0.16,144.87
1507,22-05-2024 00:00,24-05-2024 00:00,Central,Maharashtra,Furniture,Tables,Ravi,Corporate,763.04,4,0.03,-300.49
1508,23-05-2024 00:00,25-05-2024 00:00,South,Tamil Nadu,Furniture,Tables,Kiran,Corporate,8785.77,7,0.11,1557.29
1509,24-05-2024 00:00,26-05-2024 00:00,West,Maharashtra,Technology,Phones,Arun,Corporate,3955.11,2,0.12,2441.22
1510,25-05-2024 00:00,27-05-2024 00:00,East,Kerala,Furniture,Chairs,Divya,Corporate,5463.43,1,0.01,-438.76
1511,26-05-2024 00:00,28-05-2024 00:00,West,Karnataka,Office Supplies,Binders,Meena,Corporate,9683.85,1,0.08,-328.48
1512,27-05-2024 00:00,29-05-2024 00:00,Central,Tamil Nadu,Office Supplies,Binders,Divya,Corporate,758.99,1,0.29,1504.7
1513,28-05-2024 00:00,30-05-2024 00:00,West,Tamil Nadu,Furniture,Chairs,Meena,Corporate,6518.35,5,0.29,2368.23
1514,29-05-2024 00:00,31-05-2024 00:00,West,Karnataka,Technology,Phones,Kiran,Corporate,833.64,7,0.11,643.59
1515,30-05-2024 00:00,01-06-2024 00:00,Central,Maharashtra,Furniture,Chairs,Ravi,Consumer,3817.14,2,0.01,723.65
1516,31-05-2024 00:00,02-06-2024 00:00,South,Karnataka,Furniture,Chairs,Kiran,Home Office,8057.76,8,0.05,1587.21
1517,01-06-2024 00:00,03-06-2024 00:00,West,Maharashtra,Technology,Phones,Kiran,Corporate,4391.38,4,0.12,459.75
1518,02-06-2024 00:00,04-06-2024 00:00,South,Karnataka,Technology,Phones,Asha,Corporate,9972.11,3,0.28,-406.87
1519,03-06-2024 00:00,05-06-2024 00:00,West,Kerala,Office Supplies,Binders,Arun,Home Office,5634.69,8,0.04,2073.3
1520,04-06-2024 00:00,06-06-2024 00:00,South,Maharashtra,Technology,Phones,Meena,Consumer,3279.51,2,0.23,1689.77
1521,05-06-2024 00:00,07-06-2024 00:00,Central,Kerala,Office Supplies,Binders,Ravi,Home Office,2279.1,3,0.03,1532.65
1522,06-06-2024 00:00,08-06-2024 00:00,West,Tamil Nadu,Technology,Phones,Meena,Home Office,3570.15,3,0.29,2095.89
1523,07-06-2024 00:00,09-06-2024 00:00,Central,Karnataka,Furniture,Chairs,Divya,Corporate,3788.08,1,0.11,1863.31
1524,08-06-2024 00:00,10-06-2024 00:00,West,Tamil Nadu,Office Supplies,Binders,Meena,Home Office,780.27,6,0.23,220.59
1525,09-06-2024 00:00,11-06-2024 00:00,Central,Tamil Nadu,Office Supplies,Binders,Divya,Home Office,3758.78,2,0.1,733.68
1526,10-06-2024 00:00,12-06-2024 00:00,Central,Tamil Nadu,Office Supplies,Binders,Arun,Corporate,4695.96,1,0.19,-58.61
1527,11-06-2024 00:00,13-06-2024 00:00,West,Tamil Nadu,Furniture,Chairs,Divya,Corporate,7255.1,2,0.06,-45.5
1528,12-06-2024 00:00,14-06-2024 00:00,West,Karnataka,Furniture,Tables,Meena,Corporate,6601.62,6,0.04,1866.69
1529,13-06-2024 00:00,15-06-2024 00:00,West,Tamil Nadu,Furniture,Chairs,Meena,Corporate,7116.78,4,0.28,2505.1
1530,14-06-2024 00:00,16-06-2024 00:00,East,Karnataka,Furniture,Chairs,Divya,Home Office,182.8,6,0.28,2869.56
1531,15-06-2024 00:00,17-06-2024 00:00,South,Karnataka,Furniture,Tables,Kiran,Home Office,2254.91,9,0.27,1699.21
1532,16-06-2024 00:00,18-06-2024 00:00,East,Kerala,Office Supplies,Binders,Arun,Consumer,6650.67,8,0.19,144.35
1533,17-06-2024 00:00,19-06-2024 00:00,East,Maharashtra,Furniture,Chairs,Asha,Consumer,4891.49,1,0.24,-130.22
1534,18-06-2024 00:00,20-06-2024 00:00,Central,Maharashtra,Office Supplies,Binders,Ravi,Home Office,152.6,8,0.02,2344.98
1535,19-06-2024 00:00,21-06-2024 00:00,West,Karnataka,Furniture,Tables,Meena,Consumer,8064.5,9,0.1,1525.65
1536,20-06-2024 00:00,22-06-2024 00:00,South,Kerala,Technology,Phones,Ravi,Home Office,7750.81,6,0.09,1664
1537,21-06-2024 00:00,23-06-2024 00:00,Central,Karnataka,Office Supplies,Binders,Asha,Consumer,5529.35,5,0.19,2235.12
1538,22-06-2024 00:00,24-06-2024 00:00,East,Karnataka,Technology,Phones,Ravi,Corporate,757.99,6,0.11,1961.47
1539,23-06-2024 00:00,25-06-2024 00:00,West,Karnataka,Office Supplies,Binders,Asha,Consumer,7688.5,6,0.04,2420.6
1540,24-06-2024 00:00,26-06-2024 00:00,Central,Kerala,Technology,Phones,Divya,Corporate,5878.76,9,0.18,-303.25
1541,25-06-2024 00:00,27-06-2024 00:00,West,Maharashtra,Furniture,Chairs,Kiran,Corporate,7841.4,4,0.24,2116.32
1542,26-06-2024 00:00,28-06-2024 00:00,Central,Kerala,Furniture,Chairs,Meena,Corporate,7542.3,2,0.11,2477.98
1543,27-06-2024 00:00,29-06-2024 00:00,West,Tamil Nadu,Furniture,Tables,Asha,Corporate,8049.72,9,0.04,501.47
1544,28-06-2024 00:00,30-06-2024 00:00,East,Kerala,Office Supplies,Binders,Ravi,Consumer,5228.28,2,0.06,1741.57
1545,29-06-2024 00:00,01-07-2024 00:00,South,Kerala,Technology,Phones,Meena,Home Office,1489.21,9,0.07,599.57
1546,30-06-2024 00:00,02-07-2024 00:00,East,Kerala,Furniture,Tables,Kiran,Corporate,6744.46,2,0.09,2852.9
1547,01-07-2024 00:00,03-07-2024 00:00,South,Kerala,Technology,Phones,Divya,Consumer,6242.69,8,0.19,-383.02
1548,02-07-2024 00:00,04-07-2024 00:00,West,Maharashtra,Technology,Phones,Meena,Corporate,7448.31,9,0.18,1529.27
1549,03-07-2024 00:00,05-07-2024 00:00,Central,Tamil Nadu,Furniture,Tables,Asha,Consumer,1781.82,9,0.21,82.76
1550,04-07-2024 00:00,06-07-2024 00:00,East,Maharashtra,Furniture,Tables,Kiran,Consumer,2030.25,9,0.11,1992.77
1551,05-07-2024 00:00,07-07-2024 00:00,South,Maharashtra,Technology,Phones,Ravi,Consumer,8915.05,2,0.25,115.62
1552,06-07-2024 00:00,08-07-2024 00:00,East,Kerala,Furniture,Chairs,Kiran,Home Office,7524.78,4,0.06,323.84
1553,07-07-2024 00:00,09-07-2024 00:00,South,Karnataka,Furniture,Tables,Kiran,Consumer,9091.46,7,0.14,1230.3
1554,08-07-2024 00:00,10-07-2024 00:00,East,Karnataka,Furniture,Tables,Arun,Consumer,7611.28,2,0.24,2701.92
1555,09-07-2024 00:00,11-07-2024 00:00,South,Maharashtra,Office Supplies,Binders,Kiran,Home Office,6011.84,1,0.05,241
1556,10-07-2024 00:00,12-07-2024 00:00,South,Maharashtra,Technology,Phones,Kiran,Home Office,6575.91,3,0.03,4.84
1557,11-07-2024 00:00,13-07-2024 00:00,West,Kerala,Technology,Phones,Meena,Consumer,8902.37,4,0.27,2156.42
1558,12-07-2024 00:00,14-07-2024 00:00,South,Maharashtra,Office Supplies,Binders,Ravi,Home Office,5830.19,8,0.1,1252.17
1559,13-07-2024 00:00,15-07-2024 00:00,West,Kerala,Technology,Phones,Meena,Corporate,6360.67,6,0.21,2691.25
1560,14-07-2024 00:00,16-07-2024 00:00,South,Karnataka,Furniture,Chairs,Meena,Corporate,1649.12,2,0.01,13.15
1561,15-07-2024 00:00,17-07-2024 00:00,Central,Karnataka,Technology,Phones,Asha,Home Office,4791.82,9,0.21,1760.75
1562,16-07-2024 00:00,18-07-2024 00:00,Central,Tamil Nadu,Furniture,Chairs,Meena,Home Office,7192.33,2,0.09,315.08
1563,17-07-2024 00:00,19-07-2024 00:00,Central,Karnataka,Office Supplies,Binders,Arun,Consumer,2782.33,5,0.02,48.66
1564,18-07-2024 00:00,20-07-2024 00:00,South,Maharashtra,Furniture,Tables,Arun,Home Office,2102.32,4,0.18,1892
1565,19-07-2024 00:00,21-07-2024 00:00,West,Karnataka,Technology,Phones,Asha,Consumer,3206.89,7,0.07,1577.9
1566,20-07-2024 00:00,22-07-2024 00:00,West,Kerala,Technology,Phones,Divya,Corporate,2490.86,8,0.12,2141.9
1567,21-07-2024 00:00,23-07-2024 00:00,South,Karnataka,Technology,Phones,Ravi,Home Office,2227.64,5,0.02,583.12
1568,22-07-2024 00:00,24-07-2024 00:00,Central,Tamil Nadu,Office Supplies,Binders,Ravi,Consumer,4306.02,5,0.04,1067.9
1569,23-07-2024 00:00,25-07-2024 00:00,Central,Karnataka,Office Supplies,Binders,Meena,Consumer,9087.6,2,0.09,919.15
1570,24-07-2024 00:00,26-07-2024 00:00,West,Kerala,Technology,Phones,Meena,Corporate,5119.89,8,0.03,2944.31
1571,25-07-2024 00:00,27-07-2024 00:00,Central,Kerala,Furniture,Chairs,Divya,Home Office,1960.41,2,0.27,522.87
1572,26-07-2024 00:00,28-07-2024 00:00,East,Maharashtra,Office Supplies,Binders,Meena,Corporate,862.02,6,0,531.86
1573,27-07-2024 00:00,29-07-2024 00:00,West,Karnataka,Technology,Phones,Ravi,Consumer,6991.95,8,0.15,740.92
1574,28-07-2024 00:00,30-07-2024 00:00,Central,Kerala,Technology,Phones,Kiran,Consumer,3889.71,6,0.04,1476.08
1575,29-07-2024 00:00,31-07-2024 00:00,West,Tamil Nadu,Office Supplies,Binders,Arun,Home Office,8236.13,4,0.09,383.13
1576,30-07-2024 00:00,01-08-2024 00:00,East,Maharashtra,Office Supplies,Binders,Kiran,Consumer,6629.16,4,0.28,2703.51
1577,31-07-2024 00:00,02-08-2024 00:00,West,Tamil Nadu,Office Supplies,Binders,Kiran,Home Office,7982.79,6,0.05,429.9
1578,01-08-2024 00:00,03-08-2024 00:00,West,Karnataka,Furniture,Tables,Ravi,Corporate,2792.27,4,0.29,2635.36
1579,02-08-2024 00:00,04-08-2024 00:00,West,Karnataka,Furniture,Tables,Kiran,Home Office,6954.35,8,0.06,-137.84
1580,03-08-2024 00:00,05-08-2024 00:00,West,Karnataka,Technology,Phones,Divya,Home Office,2714.21,9,0.22,1797.97
1581,04-08-2024 00:00,06-08-2024 00:00,East,Maharashtra,Office Supplies,Binders,Asha,Consumer,9396.78,1,0.16,2674.45
1582,05-08-2024 00:00,07-08-2024 00:00,South,Kerala,Furniture,Tables,Meena,Consumer,6400.11,4,0.27,90.62
1583,06-08-2024 00:00,08-08-2024 00:00,West,Maharashtra,Office Supplies,Binders,Asha,Home Office,3312.67,4,0.17,2889.14
1584,07-08-2024 00:00,09-08-2024 00:00,West,Tamil Nadu,Technology,Phones,Arun,Consumer,2768.17,2,0.16,1085.09
1585,08-08-2024 00:00,10-08-2024 00:00,Central,Maharashtra,Furniture,Tables,Meena,Consumer,1990.17,6,0.06,2810
1586,09-08-2024 00:00,11-08-2024 00:00,West,Tamil Nadu,Furniture,Chairs,Kiran,Consumer,6976.95,3,0.05,1868.87
1587,10-08-2024 00:00,12-08-2024 00:00,Central,Maharashtra,Furniture,Tables,Arun,Home Office,2265.28,7,0.27,555.55
1588,11-08-2024 00:00,13-08-2024 00:00,South,Kerala,Technology,Phones,Meena,Consumer,5993.5,5,0.1,159.06
1589,12-08-2024 00:00,14-08-2024 00:00,East,Tamil Nadu,Office Supplies,Binders,Divya,Home Office,2719.89,4,0.11,563.07
1590,13-08-2024 00:00,15-08-2024 00:00,East,Karnataka,Furniture,Chairs,Divya,Consumer,6653.49,5,0.23,-174.44
1591,14-08-2024 00:00,16-08-2024 00:00,South,Karnataka,Technology,Phones,Divya,Corporate,8167.9,8,0.1,3.54
1592,15-08-2024 00:00,17-08-2024 00:00,East,Maharashtra,Office Supplies,Binders,Divya,Consumer,7802.45,3,0.29,-133.69
1593,16-08-2024 00:00,18-08-2024 00:00,South,Karnataka,Technology,Phones,Kiran,Consumer,7632.43,7,0.22,980.3
1594,17-08-2024 00:00,19-08-2024 00:00,South,Tamil Nadu,Office Supplies,Binders,Asha,Home Office,1958.45,6,0.18,2284.52
1595,18-08-2024 00:00,20-08-2024 00:00,South,Karnataka,Technology,Phones,Meena,Home Office,975.01,1,0.26,-5.16
1596,19-08-2024 00:00,21-08-2024 00:00,East,Kerala,Office Supplies,Binders,Kiran,Consumer,7019.59,7,0.01,-43.88
1597,20-08-2024 00:00,22-08-2024 00:00,Central,Kerala,Furniture,Tables,Divya,Corporate,3746.64,7,0.08,1752
1598,21-08-2024 00:00,23-08-2024 00:00,South,Maharashtra,Office Supplies,Binders,Asha,Consumer,4380.23,1,0.14,190.14
1599,22-08-2024 00:00,24-08-2024 00:00,West,Tamil Nadu,Technology,Phones,Arun,Consumer,408.38,9,0.07,-158.36
1600,23-08-2024 00:00,25-08-2024 00:00,East,Kerala,Technology,Phones,Arun,Corporate,2669.81,6,0.22,83.97
1601,24-08-2024 00:00,26-08-2024 00:00,South,Kerala,Office Supplies,Binders,Arun,Home Office,433.4,2,0.28,2733.06
1602,25-08-2024 00:00,27-08-2024 00:00,South,Tamil Nadu,Furniture,Tables,Divya,Consumer,8803.94,5,0.13,2375.15
1603,26-08-2024 00:00,28-08-2024 00:00,West,Karnataka,Furniture,Tables,Arun,Home Office,2509.63,4,0.1,739.23
1604,27-08-2024 00:00,29-08-2024 00:00,Central,Karnataka,Office Supplies,Binders,Ravi,Home Office,5617.64,7,0.29,1795.37
1605,28-08-2024 00:00,30-08-2024 00:00,Central,Maharashtra,Office Supplies,Binders,Meena,Corporate,485.9,8,0.13,1380.46
1606,29-08-2024 00:00,31-08-2024 00:00,Central,Karnataka,Technology,Phones,Meena,Corporate,6701.79,1,0.15,1869.93
1607,30-08-2024 00:00,01-09-2024 00:00,South,Tamil Nadu,Furniture,Chairs,Divya,Home Office,3297.97,5,0.11,1889.35
1608,31-08-2024 00:00,02-09-2024 00:00,South,Kerala,Office Supplies,Binders,Ravi,Consumer,8989.4,3,0.27,1700.57
1609,01-09-2024 00:00,03-09-2024 00:00,South,Karnataka,Furniture,Chairs,Kiran,Home Office,8892.37,1,0.17,431.35
1610,02-09-2024 00:00,04-09-2024 00:00,East,Maharashtra,Office Supplies,Binders,Kiran,Consumer,3320.38,3,0.23,-363.48
1611,03-09-2024 00:00,05-09-2024 00:00,West,Karnataka,Office Supplies,Binders,Arun,Consumer,9019.51,6,0.24,1094.48
1612,04-09-2024 00:00,06-09-2024 00:00,South,Tamil Nadu,Furniture,Chairs,Asha,Corporate,9961.96,7,0.1,2618.41
1613,05-09-2024 00:00,07-09-2024 00:00,West,Maharashtra,Office Supplies,Binders,Kiran,Consumer,8271.62,8,0.13,1493.24
1614,06-09-2024 00:00,08-09-2024 00:00,West,Karnataka,Office Supplies,Binders,Asha,Consumer,8464.23,4,0.25,2413.37
1615,07-09-2024 00:00,09-09-2024 00:00,Central,Maharashtra,Technology,Phones,Meena,Home Office,2565.19,3,0.11,2970.69
1616,08-09-2024 00:00,10-09-2024 00:00,East,Tamil Nadu,Office Supplies,Binders,Asha,Corporate,5809.35,5,0.24,72.66
1617,09-09-2024 00:00,11-09-2024 00:00,South,Kerala,Office Supplies,Binders,Meena,Consumer,765.83,9,0.28,1921.22
1618,10-09-2024 00:00,12-09-2024 00:00,Central,Tamil Nadu,Office Supplies,Binders,Ravi,Consumer,1039.69,6,0.19,1860.03
1619,11-09-2024 00:00,13-09-2024 00:00,Central,Tamil Nadu,Technology,Phones,Ravi,Corporate,9989.04,9,0.22,2929.84
1620,12-09-2024 00:00,14-09-2024 00:00,South,Tamil Nadu,Furniture,Chairs,Divya,Home Office,3333.73,6,0.24,2949.6
1621,13-09-2024 00:00,15-09-2024 00:00,West,Tamil Nadu,Technology,Phones,Divya,Corporate,7507.02,2,0.25,1903.38
1622,14-09-2024 00:00,16-09-2024 00:00,Central,Kerala,Technology,Phones,Arun,Corporate,8085.98,5,0.12,352.65
1623,15-09-2024 00:00,17-09-2024 00:00,West,Kerala,Furniture,Tables,Kiran,Consumer,8594.43,9,0.02,2294.95
1624,16-09-2024 00:00,18-09-2024 00:00,East,Maharashtra,Technology,Phones,Arun,Consumer,9976.52,8,0.12,-125.4
1625,17-09-2024 00:00,19-09-2024 00:00,West,Karnataka,Furniture,Tables,Meena,Home Office,2490.82,7,0.2,2232.45
1626,18-09-2024 00:00,20-09-2024 00:00,East,Kerala,Technology,Phones,Arun,Consumer,499.47,1,0.14,2685.69
1627,19-09-2024 00:00,21-09-2024 00:00,West,Kerala,Furniture,Tables,Asha,Consumer,4170.8,4,0.22,839.92
1628,20-09-2024 00:00,22-09-2024 00:00,Central,Karnataka,Office Supplies,Binders,Meena,Corporate,1387.8,7,0.11,1707.22
1629,21-09-2024 00:00,23-09-2024 00:00,Central,Kerala,Technology,Phones,Divya,Consumer,322.02,7,0.19,1005.5
1630,22-09-2024 00:00,24-09-2024 00:00,East,Tamil Nadu,Technology,Phones,Ravi,Home Office,3668.23,6,0.06,1032.18
1631,23-09-2024 00:00,25-09-2024 00:00,South,Tamil Nadu,Technology,Phones,Divya,Corporate,7859.01,8,0.22,586.3
1632,24-09-2024 00:00,26-09-2024 00:00,East,Karnataka,Technology,Phones,Kiran,Home Office,5705.19,6,0.16,2167.45
1633,25-09-2024 00:00,27-09-2024 00:00,East,Maharashtra,Office Supplies,Binders,Meena,Corporate,3196.5,3,0.06,2776.62
1634,26-09-2024 00:00,28-09-2024 00:00,West,Maharashtra,Technology,Phones,Meena,Consumer,6577.99,4,0.09,2792.63
1635,27-09-2024 00:00,29-09-2024 00:00,West,Karnataka,Office Supplies,Binders,Asha,Corporate,2396.98,3,0.22,111.73
1636,28-09-2024 00:00,30-09-2024 00:00,East,Karnataka,Office Supplies,Binders,Kiran,Corporate,242.38,1,0.14,2561.6
1637,29-09-2024 00:00,01-10-2024 00:00,Central,Tamil Nadu,Office Supplies,Binders,Ravi,Consumer,7667.1,5,0.06,2081.01
1638,30-09-2024 00:00,02-10-2024 00:00,West,Maharashtra,Office Supplies,Binders,Meena,Consumer,6275.06,1,0.29,384.93
1639,01-10-2024 00:00,03-10-2024 00:00,South,Kerala,Furniture,Tables,Meena,Home Office,7646.8,1,0.21,-264.5
1640,02-10-2024 00:00,04-10-2024 00:00,West,Tamil Nadu,Furniture,Tables,Asha,Home Office,485.49,2,0.29,437.99
1641,03-10-2024 00:00,05-10-2024 00:00,West,Karnataka,Technology,Phones,Arun,Consumer,8387.48,4,0.13,2692.73
1642,04-10-2024 00:00,06-10-2024 00:00,South,Maharashtra,Furniture,Tables,Ravi,Consumer,6233.31,6,0.14,1716.13
1643,05-10-2024 00:00,07-10-2024 00:00,East,Kerala,Furniture,Chairs,Divya,Consumer,5677.61,8,0.27,2023.69
1644,06-10-2024 00:00,08-10-2024 00:00,South,Kerala,Technology,Phones,Kiran,Corporate,6283.68,3,0.16,400.03
1645,07-10-2024 00:00,09-10-2024 00:00,East,Tamil Nadu,Technology,Phones,Meena,Corporate,8657.89,1,0.21,2017.86
1646,08-10-2024 00:00,10-10-2024 00:00,East,Maharashtra,Technology,Phones,Meena,Corporate,5910.67,3,0.08,-401.57
1647,09-10-2024 00:00,11-10-2024 00:00,East,Maharashtra,Furniture,Tables,Divya,Consumer,5851.41,3,0.13,813.62
1648,10-10-2024 00:00,12-10-2024 00:00,South,Karnataka,Furniture,Tables,Ravi,Home Office,9907.72,5,0.04,1693.64
1649,11-10-2024 00:00,13-10-2024 00:00,East,Maharashtra,Technology,Phones,Arun,Consumer,7591.63,4,0.06,11.34
1650,12-10-2024 00:00,14-10-2024 00:00,Central,Maharashtra,Office Supplies,Binders,Meena,Corporate,4478.71,4,0,2380.51
1651,13-10-2024 00:00,15-10-2024 00:00,South,Tamil Nadu,Technology,Phones,Ravi,Corporate,7103.23,9,0.01,322.61
1652,14-10-2024 00:00,16-10-2024 00:00,Central,Maharashtra,Office Supplies,Binders,Divya,Consumer,3953.38,7,0.29,1782.98
1653,15-10-2024 00:00,17-10-2024 00:00,East,Kerala,Office Supplies,Binders,Asha,Consumer,2365.87,4,0.07,918.19
1654,16-10-2024 00:00,18-10-2024 00:00,West,Tamil Nadu,Technology,Phones,Arun,Corporate,6008.83,3,0.2,1586.15
1655,17-10-2024 00:00,19-10-2024 00:00,East,Tamil Nadu,Technology,Phones,Kiran,Corporate,9289,6,0.25,-123.92
1656,18-10-2024 00:00,20-10-2024 00:00,Central,Karnataka,Technology,Phones,Meena,Corporate,9298.48,3,0.17,-440.81
1657,19-10-2024 00:00,21-10-2024 00:00,Central,Maharashtra,Furniture,Tables,Ravi,Consumer,3484.86,6,0.05,2683.48
1658,20-10-2024 00:00,22-10-2024 00:00,South,Karnataka,Office Supplies,Binders,Asha,Corporate,5324.01,9,0.22,443.71
1659,21-10-2024 00:00,23-10-2024 00:00,West,Kerala,Furniture,Tables,Kiran,Corporate,2195.2,6,0.18,2368.87
1660,22-10-2024 00:00,24-10-2024 00:00,South,Tamil Nadu,Furniture,Tables,Ravi,Home Office,9956.75,4,0.22,2997.73
1661,23-10-2024 00:00,25-10-2024 00:00,Central,Tamil Nadu,Technology,Phones,Ravi,Consumer,9813.07,5,0.23,240.01
1662,24-10-2024 00:00,26-10-2024 00:00,East,Tamil Nadu,Furniture,Tables,Kiran,Home Office,6530.14,6,0.29,428.1
1663,25-10-2024 00:00,27-10-2024 00:00,West,Kerala,Technology,Phones,Asha,Home Office,8063.7,3,0.17,1820.01
1664,26-10-2024 00:00,28-10-2024 00:00,East,Kerala,Office Supplies,Binders,Divya,Corporate,7179.49,8,0.1,2879.07
1665,27-10-2024 00:00,29-10-2024 00:00,East,Karnataka,Technology,Phones,Asha,Consumer,5972.27,4,0.19,2705.35
1666,28-10-2024 00:00,30-10-2024 00:00,West,Karnataka,Furniture,Chairs,Arun,Corporate,628.15,8,0.02,1260.06
1667,29-10-2024 00:00,31-10-2024 00:00,South,Karnataka,Furniture,Chairs,Meena,Consumer,4602.17,3,0.27,2282.89
1668,30-10-2024 00:00,01-11-2024 00:00,East,Maharashtra,Technology,Phones,Kiran,Home Office,6780.38,7,0.04,-24.89
1669,31-10-2024 00:00,02-11-2024 00:00,Central,Tamil Nadu,Technology,Phones,Divya,Consumer,6807.56,9,0.1,2921.03
1670,01-11-2024 00:00,03-11-2024 00:00,East,Tamil Nadu,Furniture,Chairs,Kiran,Corporate,3793.91,4,0.24,2875.24
1671,02-11-2024 00:00,04-11-2024 00:00,West,Karnataka,Office Supplies,Binders,Kiran,Corporate,9422.75,8,0.18,73.05
1672,03-11-2024 00:00,05-11-2024 00:00,West,Tamil Nadu,Office Supplies,Binders,Asha,Corporate,1756.83,3,0.12,547.98
1673,04-11-2024 00:00,06-11-2024 00:00,West,Karnataka,Technology,Phones,Meena,Consumer,5053.56,7,0.14,-149.46
1674,05-11-2024 00:00,07-11-2024 00:00,South,Maharashtra,Office Supplies,Binders,Arun,Home Office,6939.75,3,0.26,451.01
1675,06-11-2024 00:00,08-11-2024 00:00,East,Maharashtra,Furniture,Chairs,Ravi,Home Office,7001.64,7,0.1,2355.85
1676,07-11-2024 00:00,09-11-2024 00:00,South,Kerala,Technology,Phones,Ravi,Consumer,6521.53,6,0.26,824.1
1677,08-11-2024 00:00,10-11-2024 00:00,South,Maharashtra,Furniture,Tables,Kiran,Corporate,2825.35,2,0.03,-190.61
1678,09-11-2024 00:00,11-11-2024 00:00,West,Karnataka,Furniture,Tables,Meena,Home Office,1646.45,3,0.23,697.79
1679,10-11-2024 00:00,12-11-2024 00:00,West,Maharashtra,Office Supplies,Binders,Divya,Corporate,6395.81,6,0.25,2934.84
1680,11-11-2024 00:00,13-11-2024 00:00,South,Kerala,Technology,Phones,Asha,Consumer,6033.09,4,0.05,1703.89
1681,12-11-2024 00:00,14-11-2024 00:00,East,Tamil Nadu,Technology,Phones,Meena,Corporate,1875.62,6,0.13,956.56
1682,13-11-2024 00:00,15-11-2024 00:00,Central,Karnataka,Office Supplies,Binders,Meena,Home Office,7080.88,1,0.05,82.88
1683,14-11-2024 00:00,16-11-2024 00:00,South,Tamil Nadu,Furniture,Tables,Asha,Home Office,4606.2,1,0.21,2951.62
1684,15-11-2024 00:00,17-11-2024 00:00,East,Kerala,Furniture,Chairs,Kiran,Corporate,6710.83,3,0.16,2372.97
1685,16-11-2024 00:00,18-11-2024 00:00,West,Kerala,Furniture,Tables,Meena,Consumer,8389.93,8,0.19,485.17
1686,17-11-2024 00:00,19-11-2024 00:00,West,Kerala,Furniture,Tables,Ravi,Corporate,1780.31,8,0.06,-254.76
1687,18-11-2024 00:00,20-11-2024 00:00,East,Tamil Nadu,Technology,Phones,Asha,Consumer,289.53,4,0.06,-301.81
1688,19-11-2024 00:00,21-11-2024 00:00,Central,Tamil Nadu,Technology,Phones,Divya,Corporate,7813.12,6,0.01,-78.68
1689,20-11-2024 00:00,22-11-2024 00:00,West,Tamil Nadu,Office Supplies,Binders,Arun,Home Office,6136,8,0.1,1532.69
1690,21-11-2024 00:00,23-11-2024 00:00,West,Tamil Nadu,Office Supplies,Binders,Kiran,Consumer,7026.43,7,0.17,2750.67
1691,22-11-2024 00:00,24-11-2024 00:00,West,Kerala,Technology,Phones,Asha,Consumer,8397.73,7,0.26,1238.6
1692,23-11-2024 00:00,25-11-2024 00:00,East,Kerala,Technology,Phones,Arun,Consumer,8047.83,4,0.2,2450.31
1693,24-11-2024 00:00,26-11-2024 00:00,South,Karnataka,Furniture,Tables,Arun,Home Office,9613.11,9,0.13,1060.6
1694,25-11-2024 00:00,27-11-2024 00:00,West,Karnataka,Furniture,Tables,Divya,Corporate,5405.76,6,0.29,1980.04
1695,26-11-2024 00:00,28-11-2024 00:00,South,Tamil Nadu,Office Supplies,Binders,Meena,Home Office,4936.11,3,0.22,2061.55
1696,27-11-2024 00:00,29-11-2024 00:00,Central,Maharashtra,Technology,Phones,Divya,Consumer,4078.68,5,0.28,108.87
1697,28-11-2024 00:00,30-11-2024 00:00,West,Maharashtra,Office Supplies,Binders,Meena,Corporate,1621.54,5,0.16,764.26
1698,29-11-2024 00:00,01-12-2024 00:00,West,Kerala,Technology,Phones,Meena,Home Office,5768.81,5,0.08,1730.56
1699,30-11-2024 00:00,02-12-2024 00:00,Central,Kerala,Furniture,Chairs,Asha,Consumer,2842.42,8,0.02,-252.56
1700,01-12-2024 00:00,03-12-2024 00:00,West,Kerala,Office Supplies,Binders,Asha,Consumer,9220.94,9,0.22,765.39
1701,02-12-2024 00:00,04-12-2024 00:00,South,Karnataka,Office Supplies,Binders,Kiran,Home Office,5873.59,9,0.04,1371.8
1702,03-12-2024 00:00,05-12-2024 00:00,East,Karnataka,Technology,Phones,Meena,Home Office,5969.12,6,0.09,2986.79
1703,04-12-2024 00:00,06-12-2024 00:00,South,Kerala,Furniture,Chairs,Arun,Home Office,3613.75,6,0.16,1160.87
1704,05-12-2024 00:00,07-12-2024 00:00,East,Kerala,Office Supplies,Binders,Ravi,Consumer,614.69,9,0.17,2356.2
1705,06-12-2024 00:00,08-12-2024 00:00,East,Kerala,Furniture,Chairs,Kiran,Home Office,414.26,4,0.18,1012.24
1706,07-12-2024 00:00,09-12-2024 00:00,South,Maharashtra,Office Supplies,Binders,Asha,Consumer,4291.02,6,0.05,2287.37
1707,08-12-2024 00:00,10-12-2024 00:00,South,Karnataka,Furniture,Tables,Divya,Home Office,937.2,4,0.11,1583.95
1708,09-12-2024 00:00,11-12-2024 00:00,South,Maharashtra,Technology,Phones,Kiran,Consumer,6107.78,1,0.19,2603.08
1709,10-12-2024 00:00,12-12-2024 00:00,South,Maharashtra,Office Supplies,Binders,Kiran,Consumer,8821.63,7,0.29,938.3
1710,11-12-2024 00:00,13-12-2024 00:00,Central,Kerala,Office Supplies,Binders,Kiran,Corporate,8840.86,6,0.22,1615.07
1711,12-12-2024 00:00,14-12-2024 00:00,West,Kerala,Furniture,Chairs,Kiran,Home Office,6624.55,9,0.28,1705.07
1712,13-12-2024 00:00,15-12-2024 00:00,East,Tamil Nadu,Furniture,Tables,Ravi,Home Office,2191.2,7,0.23,960.84
1713,14-12-2024 00:00,16-12-2024 00:00,South,Tamil Nadu,Office Supplies,Binders,Divya,Consumer,8643.67,7,0.18,5.09
1714,15-12-2024 00:00,17-12-2024 00:00,South,Maharashtra,Technology,Phones,Divya,Consumer,8872.33,2,0.06,-172.54
1715,16-12-2024 00:00,18-12-2024 00:00,South,Karnataka,Furniture,Chairs,Divya,Consumer,2046.87,9,0.2,-441.65
1716,17-12-2024 00:00,19-12-2024 00:00,Central,Kerala,Furniture,Chairs,Meena,Corporate,7400.52,9,0.19,2557.37
1717,18-12-2024 00:00,20-12-2024 00:00,South,Kerala,Furniture,Chairs,Arun,Corporate,2936.54,6,0.18,327.66
1718,19-12-2024 00:00,21-12-2024 00:00,South,Maharashtra,Office Supplies,Binders,Divya,Consumer,8046.14,3,0.15,240.27
1719,20-12-2024 00:00,22-12-2024 00:00,South,Tamil Nadu,Office Supplies,Binders,Kiran,Home Office,9972.66,1,0.16,2076.12
1720,21-12-2024 00:00,23-12-2024 00:00,West,Karnataka,Office Supplies,Binders,Kiran,Home Office,397.26,4,0.1,620.06
1721,22-12-2024 00:00,24-12-2024 00:00,Central,Tamil Nadu,Office Supplies,Binders,Divya,Corporate,8983.92,3,0.16,1271.16
1722,23-12-2024 00:00,25-12-2024 00:00,South,Tamil Nadu,Technology,Phones,Divya,Corporate,6264.04,1,0.06,68.79
1723,24-12-2024 00:00,26-12-2024 00:00,East,Tamil Nadu,Technology,Phones,Kiran,Consumer,9736.49,3,0.24,2859.11
1724,25-12-2024 00:00,27-12-2024 00:00,East,Tamil Nadu,Office Supplies,Binders,Meena,Home Office,4703.59,4,0.06,2480.53
1725,26-12-2024 00:00,28-12-2024 00:00,East,Kerala,Technology,Phones,Asha,Consumer,8489.14,8,0.03,2523.26
1726,27-12-2024 00:00,29-12-2024 00:00,Central,Kerala,Furniture,Tables,Asha,Corporate,717.7,9,0.13,923.71
1727,28-12-2024 00:00,30-12-2024 00:00,Central,Tamil Nadu,Furniture,Tables,Divya,Home Office,3419.26,3,0.2,2168.26
1728,29-12-2024 00:00,31-12-2024 00:00,East,Karnataka,Furniture,Chairs,Ravi,Home Office,763.46,6,0.13,3.57
1729,30-12-2024 00:00,01-01-2025 00:00,South,Maharashtra,Office Supplies,Binders,Divya,Corporate,9755.9,5,0.08,-469.83
1730,31-12-2024 00:00,02-01-2025 00:00,Central,Karnataka,Furniture,Chairs,Divya,Consumer,8188.04,6,0.17,-430.09
1731,01-01-2025 00:00,03-01-2025 00:00,East,Karnataka,Technology,Phones,Asha,Consumer,8540.22,4,0.1,1553.11
1732,02-01-2025 00:00,04-01-2025 00:00,East,Karnataka,Office Supplies,Binders,Kiran,Home Office,9385.86,6,0.28,1093.88
1733,03-01-2025 00:00,05-01-2025 00:00,South,Tamil Nadu,Technology,Phones,Divya,Corporate,942.52,7,0.28,1313.05
1734,04-01-2025 00:00,06-01-2025 00:00,West,Kerala,Furniture,Tables,Kiran,Home Office,3917.42,9,0.15,-473.88
1735,05-01-2025 00:00,07-01-2025 00:00,Central,Karnataka,Furniture,Tables,Kiran,Corporate,803.25,7,0.1,979.4
1736,06-01-2025 00:00,08-01-2025 00:00,South,Tamil Nadu,Furniture,Tables,Ravi,Consumer,2186.85,6,0.22,2013.24
1737,07-01-2025 00:00,09-01-2025 00:00,East,Karnataka,Office Supplies,Binders,Kiran,Corporate,2370.72,1,0.01,1049.43
1738,08-01-2025 00:00,10-01-2025 00:00,East,Karnataka,Technology,Phones,Asha,Consumer,4744.16,2,0.14,2062.77
1739,09-01-2025 00:00,11-01-2025 00:00,South,Tamil Nadu,Office Supplies,Binders,Meena,Corporate,2758.77,1,0.1,315.57
1740,10-01-2025 00:00,12-01-2025 00:00,Central,Kerala,Office Supplies,Binders,Meena,Home Office,1099.68,9,0.28,2346
1741,11-01-2025 00:00,13-01-2025 00:00,West,Kerala,Furniture,Tables,Arun,Consumer,1758.16,9,0,1559.51
1742,12-01-2025 00:00,14-01-2025 00:00,West,Maharashtra,Office Supplies,Binders,Divya,Home Office,1558.03,7,0.17,237.67
1743,13-01-2025 00:00,15-01-2025 00:00,East,Tamil Nadu,Office Supplies,Binders,Asha,Home Office,9733.46,2,0.22,328.52
1744,14-01-2025 00:00,16-01-2025 00:00,Central,Maharashtra,Furniture,Chairs,Kiran,Consumer,7617,6,0.15,1698.11
1745,15-01-2025 00:00,17-01-2025 00:00,West,Maharashtra,Office Supplies,Binders,Meena,Consumer,9680.84,4,0.03,2404.79
1746,16-01-2025 00:00,18-01-2025 00:00,Central,Maharashtra,Furniture,Chairs,Asha,Home Office,4453.43,1,0.29,954.7
1747,17-01-2025 00:00,19-01-2025 00:00,Central,Kerala,Furniture,Chairs,Meena,Home Office,2855.85,1,0.16,404.05
1748,18-01-2025 00:00,20-01-2025 00:00,East,Tamil Nadu,Furniture,Chairs,Kiran,Home Office,8003.1,5,0.18,2534.54
1749,19-01-2025 00:00,21-01-2025 00:00,West,Maharashtra,Furniture,Chairs,Meena,Home Office,3329.91,2,0.07,1842.44
1750,20-01-2025 00:00,22-01-2025 00:00,South,Tamil Nadu,Office Supplies,Binders,Divya,Consumer,3063.9,4,0.15,1068.3
1751,21-01-2025 00:00,23-01-2025 00:00,East,Tamil Nadu,Furniture,Tables,Divya,Consumer,2401.81,1,0.13,1207.65
1752,22-01-2025 00:00,24-01-2025 00:00,West,Kerala,Furniture,Tables,Arun,Home Office,1383.82,4,0.02,214.9
1753,23-01-2025 00:00,25-01-2025 00:00,West,Maharashtra,Office Supplies,Binders,Arun,Corporate,2638.98,6,0.03,1693.81
1754,24-01-2025 00:00,26-01-2025 00:00,West,Maharashtra,Office Supplies,Binders,Meena,Corporate,3617.67,4,0.25,755.6
1755,25-01-2025 00:00,27-01-2025 00:00,West,Tamil Nadu,Technology,Phones,Asha,Consumer,6772.54,1,0.07,2984.76
1756,26-01-2025 00:00,28-01-2025 00:00,West,Karnataka,Office Supplies,Binders,Divya,Home Office,719.39,7,0.06,1180.64
1757,27-01-2025 00:00,29-01-2025 00:00,Central,Kerala,Office Supplies,Binders,Asha,Home Office,2184.02,2,0.15,1200.6
1758,28-01-2025 00:00,30-01-2025 00:00,East,Kerala,Technology,Phones,Asha,Consumer,8109.33,9,0.23,1480.48
1759,29-01-2025 00:00,31-01-2025 00:00,Central,Kerala,Office Supplies,Binders,Meena,Corporate,1554.53,3,0.02,2708.65
1760,30-01-2025 00:00,01-02-2025 00:00,South,Kerala,Office Supplies,Binders,Asha,Corporate,3492.19,8,0.17,2302.86
1761,31-01-2025 00:00,02-02-2025 00:00,West,Maharashtra,Office Supplies,Binders,Divya,Corporate,8660.12,8,0.04,1078.96
1762,01-02-2025 00:00,03-02-2025 00:00,East,Maharashtra,Office Supplies,Binders,Kiran,Consumer,1633.76,3,0.01,2015.45
1763,02-02-2025 00:00,04-02-2025 00:00,West,Karnataka,Technology,Phones,Arun,Corporate,919.09,4,0.02,1551.82
1764,03-02-2025 00:00,05-02-2025 00:00,East,Kerala,Office Supplies,Binders,Kiran,Consumer,4896.93,2,0.25,1223.28
1765,04-02-2025 00:00,06-02-2025 00:00,Central,Kerala,Office Supplies,Binders,Asha,Consumer,3093.95,4,0.04,173.11
1766,05-02-2025 00:00,07-02-2025 00:00,East,Tamil Nadu,Technology,Phones,Kiran,Home Office,5677.74,9,0.01,1123.78
1767,06-02-2025 00:00,08-02-2025 00:00,South,Maharashtra,Furniture,Chairs,Divya,Corporate,8057.67,2,0.13,360.37
1768,07-02-2025 00:00,09-02-2025 00:00,South,Kerala,Technology,Phones,Divya,Consumer,1457.77,3,0.25,2701.95
1769,08-02-2025 00:00,10-02-2025 00:00,East,Karnataka,Furniture,Tables,Asha,Corporate,5848.92,4,0.08,673.92
1770,09-02-2025 00:00,11-02-2025 00:00,East,Karnataka,Technology,Phones,Meena,Corporate,5104.54,5,0.13,2832.92
1771,10-02-2025 00:00,12-02-2025 00:00,East,Maharashtra,Technology,Phones,Kiran,Home Office,1526.38,1,0.01,1365.69
1772,11-02-2025 00:00,13-02-2025 00:00,East,Karnataka,Office Supplies,Binders,Meena,Corporate,6277.59,7,0.13,1710.41
1773,12-02-2025 00:00,14-02-2025 00:00,South,Karnataka,Furniture,Tables,Meena,Home Office,2809.04,7,0.17,1400.29
1774,13-02-2025 00:00,15-02-2025 00:00,West,Maharashtra,Office Supplies,Binders,Ravi,Consumer,4929.56,9,0.17,-47.17
1775,14-02-2025 00:00,16-02-2025 00:00,East,Kerala,Furniture,Tables,Asha,Corporate,914.5,4,0.1,815.37
1776,15-02-2025 00:00,17-02-2025 00:00,East,Kerala,Technology,Phones,Arun,Consumer,4649.88,6,0.09,-152.99
1777,16-02-2025 00:00,18-02-2025 00:00,South,Karnataka,Technology,Phones,Divya,Corporate,3133.99,2,0.03,1680.34
1778,17-02-2025 00:00,19-02-2025 00:00,South,Karnataka,Furniture,Chairs,Divya,Consumer,8241.57,4,0.11,1064.06
1779,18-02-2025 00:00,20-02-2025 00:00,Central,Kerala,Office Supplies,Binders,Asha,Corporate,664.09,2,0.03,2222.95
1780,19-02-2025 00:00,21-02-2025 00:00,East,Maharashtra,Office Supplies,Binders,Arun,Corporate,4244.21,5,0.23,271.65
1781,20-02-2025 00:00,22-02-2025 00:00,Central,Karnataka,Office Supplies,Binders,Divya,Corporate,4638.47,7,0.29,75.98
1782,21-02-2025 00:00,23-02-2025 00:00,South,Tamil Nadu,Office Supplies,Binders,Asha,Corporate,7277.56,1,0.29,922.16
1783,22-02-2025 00:00,24-02-2025 00:00,South,Maharashtra,Technology,Phones,Divya,Corporate,5785.45,7,0.26,2743.05
1784,23-02-2025 00:00,25-02-2025 00:00,West,Karnataka,Technology,Phones,Meena,Corporate,6705.4,6,0.18,1986.48
1785,24-02-2025 00:00,26-02-2025 00:00,East,Karnataka,Technology,Phones,Kiran,Corporate,7792.79,6,0.21,966.23
1786,25-02-2025 00:00,27-02-2025 00:00,Central,Tamil Nadu,Technology,Phones,Kiran,Corporate,8635.81,8,0.09,1310.45
1787,26-02-2025 00:00,28-02-2025 00:00,South,Tamil Nadu,Technology,Phones,Divya,Corporate,3207.37,8,0.19,-205.25
1788,27-02-2025 00:00,01-03-2025 00:00,South,Kerala,Office Supplies,Binders,Ravi,Consumer,5426.42,6,0.14,2946.02
1789,28-02-2025 00:00,02-03-2025 00:00,Central,Maharashtra,Office Supplies,Binders,Arun,Home Office,8417.07,3,0.14,1832.43
1790,01-03-2025 00:00,03-03-2025 00:00,West,Maharashtra,Office Supplies,Binders,Arun,Corporate,9895.57,5,0.23,498.91
1791,02-03-2025 00:00,04-03-2025 00:00,South,Kerala,Office Supplies,Binders,Arun,Home Office,8906.24,2,0.08,1550.33
1792,03-03-2025 00:00,05-03-2025 00:00,East,Maharashtra,Technology,Phones,Meena,Corporate,3777.53,5,0.1,-116.81
1793,04-03-2025 00:00,06-03-2025 00:00,South,Maharashtra,Technology,Phones,Arun,Corporate,2032.15,9,0.28,2880.43
1794,05-03-2025 00:00,07-03-2025 00:00,East,Maharashtra,Technology,Phones,Kiran,Consumer,4944.99,1,0.02,111.75
1795,06-03-2025 00:00,08-03-2025 00:00,Central,Maharashtra,Furniture,Chairs,Meena,Consumer,7442.25,5,0.15,1768.11
1796,07-03-2025 00:00,09-03-2025 00:00,East,Maharashtra,Office Supplies,Binders,Asha,Home Office,4976.43,6,0.27,359.09
1797,08-03-2025 00:00,10-03-2025 00:00,Central,Tamil Nadu,Office Supplies,Binders,Arun,Consumer,4883.49,7,0.18,2011.46
1798,09-03-2025 00:00,11-03-2025 00:00,East,Maharashtra,Technology,Phones,Arun,Consumer,8398.48,9,0.16,2218.87
1799,10-03-2025 00:00,12-03-2025 00:00,Central,Tamil Nadu,Office Supplies,Binders,Asha,Home Office,3677.9,6,0.07,1856.97
